지역,노선,시·종점,월,일시,시간,승차,하차,전체,주중 평균배차시간,노선운행시간,시간별 포화도
시흥시, 20-1,정왕역환승센터-부곡중학교,4,평일,07시~08시,761,706,1467,15.0,78,183.0
시흥시, 23,월곶역-본오동차고지,4,평일,18시~19시,1072,"1,005",2077,12.5,99,169.0
광명시, 39,매화초등학교-개봉역,4,평일,07시~08시,386,298,684,20.5,45,165.0
광명시, 11,광명돔경륜장.광남문-안양역,4,평일,08시~09시,262,274,536,32.5,65,164.0
시흥시, 12,삼미시장-김포공항국내선(9번홈),4,평일,08시~09시,585,630,1215,15.0,67,164.0
광명시, 2(광명),스타필드시티부천-안양역,4,평일,08시~09시,1409,"1,515",2924,8.0,90,157.0
시흥시, 23,월곶역-본오동차고지,4,평일,08시~09시,993,"1,120",2113,12.5,99,157.0
광명시, 1(광명),거모동-개봉역,4,평일,07시~08시,1533,"1,209",2742,8.5,108,151.0
시흥시, 23,월곶역-본오동차고지,4,평일,07시~08시,944,788,1732,12.5,99,149.0
안산시, 62,본오동종점-한라비발디1차,4,평일,18시~19시,1585,"1,557",3142,8.0,108,147.0
안산시, 62,본오동종점-한라비발디1차,4,평일,17시~18시,1577,"1,581",3158,8.0,108,146.0
시흥시, 20-1,정왕역환승센터-부곡중학교,4,평일,08시~09시,608,825,1433,15.0,78,146.0
부천시, 66,부인초교-용못내공원.옥길동종점,4,평일,18시~19시,718,705,1423,12.0,74,146.0
시흥시, 12,삼미시장-김포공항국내선(9번홈),4,평일,07시~08시,515,445,960,15.0,67,144.0
안산시, 62,본오동종점-한라비발디1차,4,평일,08시~09시,1551,"1,642",3193,8.0,108,144.0
시흥시, 20-1,정왕역환승센터-부곡중학교,4,평일,17시~18시,594,393,987,15.0,78,143.0
시흥시, 20-1,정왕역환승센터-부곡중학교,4,평일,18시~19시,591,746,1337,15.0,78,142.0
시흥시, 23,월곶역-본오동차고지,4,평일,17시~18시,895,867,1762,12.5,99,141.0
광명시, 1(광명),거모동-개봉역,4,평일,18시~19시,1371,"1,365",2736,8.5,108,135.0
시흥시, 5602,이마트-구로디지털단지역환승센터(1번승강장),4,평일,18시~19시,849,792,1641,11.5,92,133.0
부천시, 66,부인초교-용못내공원.옥길동종점,4,평일,08시~09시,653,718,1371,12.0,74,132.0
부천시, 23-2,소사공영차고지-라일락마을어린이공원,4,평일,08시~09시,851,927,1778,8.5,69,131.0
광명시, 39,매화초등학교-개봉역,4,평일,08시~09시,299,401,700,20.5,45,128.0
안산시, 76,본오교회앞-동보아파트후문.군자교회,4,평일,07시~08시,96,81,177,90.0,86,126.0
안산시, 50,안산해솔초등학교-KTX광명역1번출구,4,평일,07시~08시,108,90,198,60.0,65,125.0
광명시, 1(광명),거모동-개봉역,4,평일,08시~09시,1271,"1,578",2849,8.5,108,125.0
광명시, 39,매화초등학교-개봉역,4,평일,18시~19시,289,336,625,20.5,45,123.0
시흥시, 5602,이마트-구로디지털단지역환승센터(1번승강장),4,평일,07시~08시,780,536,1316,11.5,92,122.0
부천시, 23-2,소사공영차고지-라일락마을어린이공원,4,평일,18시~19시,789,808,1597,8.5,69,121.0
시흥시, 12,삼미시장-김포공항국내선(9번홈),4,평일,18시~19시,428,409,837,15.0,67,120.0
광명시, 1(광명),거모동-개봉역,4,평일,17시~18시,1212,"1,123",2335,8.5,108,119.0
시흥시, 23,월곶역-본오동차고지,4,평일,16시~17시,757,722,1479,12.5,99,119.0
광명시, 2(광명),스타필드시티부천-안양역,4,평일,07시~08시,1073,863,1936,8.0,90,119.0
안양시, 81,목감호수품애.중흥S클래스-안양역,4,평일,07시~08시,437,333,770,13.0,39,118.0
시흥시, 5602,이마트-구로디지털단지역환승센터(1번승강장),4,평일,08시~09시,754,952,1706,11.5,92,118.0
시흥시, 20-1,정왕역환승센터-부곡중학교,4,평일,19시~20시,483,501,984,15.0,78,115.99999999999999
광명시, 11-3,마린월드-KTX광명역1번출구,4,평일,07시~08시,154,111,265,37.5,63,114.99999999999999
광명시, 2(광명),스타필드시티부천-안양역,4,평일,18시~19시,1038,"1,041",2079,8.0,90,114.99999999999999
광명시, 39,매화초등학교-개봉역,4,평일,17시~18시,266,173,439,20.5,45,113.99999999999999
안산시, 50,안산해솔초등학교-KTX광명역1번출구,4,평일,08시~09시,99,110,209,60.0,65,113.99999999999999
안산시, 62,본오동종점-한라비발디1차,4,평일,07시~08시,1210,"1,080",2290,8.0,108,112.00000000000001
시흥시, 32,경원여객안양차고지-풍림2단지.소래포구입구,4,평일,08시~09시,308,389,697,25.0,86,112.00000000000001
시흥시, 23,월곶역-본오동차고지,4,평일,19시~20시,710,844,1554,12.5,99,112.00000000000001
시흥시, 12,삼미시장-김포공항국내선(9번홈),4,평일,17시~18시,400,340,740,15.0,67,112.00000000000001
안산시, 61,화진금속공업-부천터미널소풍,4,평일,18시~19시,1063,"1,070",2133,10.0,120,111.00000000000001
시흥시, 63,오이도차고지-은계초등학교.사랑스러운교회,4,평일,08시~09시,462,525,987,15.0,78,111.00000000000001
부천시, 66,부인초교-용못내공원.옥길동종점,4,평일,17시~18시,544,497,1041,12.0,74,110.00000000000001
부천시, 23-2,소사공영차고지-라일락마을어린이공원,4,평일,07시~08시,703,547,1250,8.5,69,108.0
안산시, 62,본오동종점-한라비발디1차,4,평일,16시~17시,1164,"1,022",2186,8.0,108,108.0
광명시, 11-3,마린월드-KTX광명역1번출구,4,평일,17시~18시,145,135,280,37.5,63,108.0
광명시, 11,광명돔경륜장.광남문-안양역,4,평일,07시~08시,173,140,313,32.5,65,108.0
시흥시, 530,능곡공영차고지-여의도환승센터(1번승강장),4,평일,08시~09시,422,484,906,20.0,99,107.0
시흥시, 20-1,정왕역환승센터-부곡중학교,4,평일,06시~07시,439,208,647,15.0,78,106.0
안산시, 61,화진금속공업-부천터미널소풍,4,평일,08시~09시,1022,"1,160",2182,10.0,120,106.0
안산시, 98,오이도차고지-수변공원휴게소,4,평일,07시~08시,320,301,621,27.5,104,106.0
시흥시, 5602,이마트-구로디지털단지역환승센터(1번승강장),4,평일,17시~18시,680,649,1329,11.5,92,106.0
부천시, 66,부인초교-용못내공원.옥길동종점,4,평일,16시~17시,513,535,1048,12.0,74,104.0
안산시, 35,경원여객안양차고지-중앙역앞,4,평일,07시~08시,42,28,70,180.0,92,103.0
안산시, 50,안산해솔초등학교-KTX광명역1번출구,4,평일,18시~19시,88,90,178,60.0,65,102.0
광명시, 1(광명),거모동-개봉역,4,평일,16시~17시,1036,906,1942,8.5,108,102.0
시흥시, 25,오이도차고지-정왕역환승센터,4,평일,07시~08시,98,76,174,50.0,32,102.0
광명시, 2(광명),스타필드시티부천-안양역,4,평일,17시~18시,920,896,1816,8.0,90,102.0
부천시, 23-2,소사공영차고지-라일락마을어린이공원,4,평일,16시~17시,653,625,1278,8.5,69,101.0
안산시, 98,오이도차고지-수변공원휴게소,4,평일,08시~09시,306,375,681,27.5,104,101.0
시흥시, 23,월곶역-본오동차고지,4,평일,15시~16시,637,641,1278,12.5,99,101.0
안산시, 20,경원여객-시흥시청후문.종합일자리센터,4,평일,08시~09시,69,70,139,70.0,40,101.0
안양시, 81,목감호수품애.중흥S클래스-안양역,4,평일,08시~09시,368,451,819,13.0,39,100.0
안산시, 55,본오동종점-오이도차고지,4,평일,18시~19시,824,822,1646,9.0,93,100.0
시흥시, 32,경원여객안양차고지-풍림2단지.소래포구입구,4,평일,18시~19시,275,309,584,25.0,86,100.0
시흥시, 20-1,정왕역환승센터-부곡중학교,4,평일,16시~17시,414,375,789,15.0,78,100.0
안양시, 81,목감호수품애.중흥S클래스-안양역,4,평일,18시~19시,364,337,701,13.0,39,99.0
시흥시, 12,삼미시장-김포공항국내선(9번홈),4,평일,19시~20시,355,429,784,15.0,67,99.0
시흥시, 23,월곶역-본오동차고지,4,평일,09시~10시,624,666,1290,12.5,99,98.0
안산시, 62,본오동종점-한라비발디1차,4,평일,19시~20시,1058,"1,179",2237,8.0,108,98.0
안산시, 98,오이도차고지-수변공원휴게소,4,평일,18시~19시,295,339,634,27.5,104,98.0
시흥시, 21,오이도차고지-태영아파트,4,평일,07시~08시,337,287,624,25.0,107,98.0
광명시, 11-3,마린월드-KTX광명역1번출구,4,평일,08시~09시,132,181,313,37.5,63,98.0
안산시, 76,본오교회앞-동보아파트후문.군자교회,4,평일,08시~09시,74,89,163,90.0,86,97.0
안산시, 50,안산해솔초등학교-KTX광명역1번출구,4,평일,16시~17시,84,74,158,60.0,65,97.0
안산시, 61,화진금속공업-부천터미널소풍,4,평일,17시~18시,927,801,1728,10.0,120,97.0
시흥시, 32,경원여객안양차고지-풍림2단지.소래포구입구,4,평일,07시~08시,266,168,434,25.0,86,97.0
부천시, 66,부인초교-용못내공원.옥길동종점,4,평일,07시~08시,476,390,866,12.0,74,96.0
안산시, 98,오이도차고지-수변공원휴게소,4,평일,06시~07시,290,204,494,27.5,104,96.0
안양시, 81,목감호수품애.중흥S클래스-안양역,4,평일,17시~18시,350,342,692,13.0,39,95.0
시흥시, 21,오이도차고지-태영아파트,4,평일,08시~09시,326,343,669,25.0,107,95.0
부천시, 23-2,소사공영차고지-라일락마을어린이공원,4,평일,17시~18시,619,547,1166,8.5,69,95.0
광명시, 11,광명돔경륜장.광남문-안양역,4,평일,18시~19시,151,161,312,32.5,65,94.0
안산시, 61,화진금속공업-부천터미널소풍,4,평일,07시~08시,899,755,1654,10.0,120,94.0
광명시, 2(광명),스타필드시티부천-안양역,4,평일,16시~17시,846,814,1660,8.0,90,94.0
시흥시, 32,경원여객안양차고지-풍림2단지.소래포구입구,4,평일,16시~17시,254,233,487,25.0,86,92.0
시흥시, 63,오이도차고지-은계초등학교.사랑스러운교회,4,평일,18시~19시,382,370,752,15.0,78,92.0
시흥시, 23,월곶역-본오동차고지,4,평일,14시~15시,583,517,1100,12.5,99,92.0
광명시, 11,광명돔경륜장.광남문-안양역,4,평일,17시~18시,146,119,265,32.5,65,91.0
부천시, 23-2,소사공영차고지-라일락마을어린이공원,4,평일,15시~16시,583,595,1178,8.5,69,90.0
안산시, 38,부천역차고지-에이스아파트,4,평일,07시~08시,374,320,694,11.5,39,90.0
부천시, 66,부인초교-용못내공원.옥길동종점,4,평일,15시~16시,437,362,799,12.0,74,89.0
시흥시, 530,능곡공영차고지-여의도환승센터(1번승강장),4,평일,07시~08시,354,262,616,20.0,99,89.0
부천시, 66,부인초교-용못내공원.옥길동종점,4,평일,19시~20시,438,526,964,12.0,74,89.0
시흥시, 32,경원여객안양차고지-풍림2단지.소래포구입구,4,평일,17시~18시,246,209,455,25.0,86,89.0
안산시, 34,안산운전면허시험장-월곶동주민센터.월곶포구,4,평일,07시~08시,61,58,119,70.0,54,89.0
안양시, 81,목감호수품애.중흥S클래스-안양역,4,평일,19시~20시,325,368,693,13.0,39,88.0
부천시, 23-2,소사공영차고지-라일락마을어린이공원,4,평일,09시~10시,573,588,1161,8.5,69,88.0
안산시, 50,안산해솔초등학교-KTX광명역1번출구,4,평일,19시~20시,76,74,150,60.0,65,88.0
안산시, 50,안산해솔초등학교-KTX광명역1번출구,4,평일,09시~10시,76,77,153,60.0,65,88.0
시흥시, 5602,이마트-구로디지털단지역환승센터(1번승강장),4,평일,16시~17시,565,502,1067,11.5,92,88.0
안산시, 55,본오동종점-오이도차고지,4,평일,17시~18시,727,668,1395,9.0,93,88.0
광명시, 1(광명),거모동-개봉역,4,평일,19시~20시,898,"1,071",1969,8.5,108,88.0
시흥시, 3200,포동차고지-강남역.역삼세무서,4,평일,07시~08시,260,136,396,22.5,84,87.0
안산시, 62,본오동종점-한라비발디1차,4,평일,09시~10시,935,"1,017",1952,8.0,108,87.0
시흥시, 20-1,정왕역환승센터-부곡중학교,4,평일,20시~21시,359,377,736,15.0,78,86.0
안산시, 20,경원여객-시흥시청후문.종합일자리센터,4,평일,18시~19시,59,41,100,70.0,40,86.0
시흥시, 63,오이도차고지-은계초등학교.사랑스러운교회,4,평일,17시~18시,357,332,689,15.0,78,86.0
광명시, 2(광명),스타필드시티부천-안양역,4,평일,19시~20시,778,857,1635,8.0,90,86.0
시흥시, 12,삼미시장-김포공항국내선(9번홈),4,평일,09시~10시,304,337,641,15.0,67,85.0
광명시, 39,매화초등학교-개봉역,4,평일,06시~07시,198,132,330,20.5,45,85.0
광명시, 1(광명),거모동-개봉역,4,평일,15시~16시,863,842,1705,8.5,108,85.0
시흥시, 31-9,포동차고지-부천소방서.부천대학사거리,4,평일,07시~08시,163,146,309,25.0,45,85.0
시흥시, 3300,능곡공영차고지-강남역.역삼세무서,4,평일,07시~08시,278,159,437,22.5,92,85.0
안산시, 98,오이도차고지-수변공원휴게소,4,평일,17시~18시,256,200,456,27.5,104,85.0
부천시, 23-2,소사공영차고지-라일락마을어린이공원,4,평일,19시~20시,546,606,1152,8.5,69,84.0
안산시, 30-2,오이도차고지-목감중심상업지구,4,평일,08시~09시,686,766,1452,12.5,128,84.0
시흥시, 23,월곶역-본오동차고지,4,평일,13시~14시,535,568,1103,12.5,99,84.0
안산시, 62,본오동종점-한라비발디1차,4,평일,15시~16시,894,885,1779,8.0,108,83.0
안산시, 38,부천역차고지-에이스아파트,4,평일,08시~09시,345,382,727,11.5,39,83.0
광명시, 2(광명),스타필드시티부천-안양역,4,평일,15시~16시,746,682,1428,8.0,90,83.0
안산시, 30-2,오이도차고지-목감중심상업지구,4,평일,17시~18시,677,644,1321,12.5,128,83.0
광명시, 11-3,마린월드-KTX광명역1번출구,4,평일,16시~17시,111,81,192,37.5,63,83.0
시흥시, 5604,목감호수품애.중흥S클래스-석수역(중),4,평일,07시~08시,356,262,618,11.0,27,82.0
시흥시, 23,월곶역-본오동차고지,4,평일,12시~13시,515,471,986,12.5,99,81.0
부천시, 23-2,소사공영차고지-라일락마을어린이공원,4,평일,13시~14시,523,519,1042,8.5,69,81.0
안산시, 31-7,한라2차아파트입구-부천역차고지,4,평일,18시~19시,414,384,798,15.0,96,81.0
안산시, 50,안산해솔초등학교-KTX광명역1번출구,4,평일,17시~18시,70,64,134,60.0,65,81.0
광명시, 39,매화초등학교-개봉역,4,평일,19시~20시,188,192,380,20.5,45,80.0
안산시, 55,본오동종점-오이도차고지,4,평일,08시~09시,660,783,1443,9.0,93,80.0
안산시, 62,본오동종점-한라비발디1차,4,평일,14시~15시,857,773,1630,8.0,108,79.0
부천시, 23-2,소사공영차고지-라일락마을어린이공원,4,평일,14시~15시,514,480,994,8.5,69,79.0
안양시, 81,목감호수품애.중흥S클래스-안양역,4,평일,16시~17시,289,243,532,13.0,39,78.0
광명시, 2(광명),스타필드시티부천-안양역,4,평일,09시~10시,704,796,1500,8.0,90,78.0
시흥시, 12,삼미시장-김포공항국내선(9번홈),4,평일,20시~21시,280,274,554,15.0,67,78.0
부천시, 66,부인초교-용못내공원.옥길동종점,4,평일,09시~10시,381,367,748,12.0,74,77.0
시흥시, 530,능곡공영차고지-여의도환승센터(1번승강장),4,평일,18시~19시,305,318,623,20.0,99,77.0
부천시, 23-2,소사공영차고지-라일락마을어린이공원,4,평일,12시~13시,502,490,992,8.5,69,77.0
부천시, 66,부인초교-용못내공원.옥길동종점,4,평일,22시~23시,382,421,803,12.0,74,77.0
부천시, 66,부인초교-용못내공원.옥길동종점,4,평일,21시~22시,381,346,727,12.0,74,77.0
안산시, 34,안산운전면허시험장-월곶동주민센터.월곶포구,4,평일,08시~09시,52,53,105,70.0,54,76.0
안양시, 81,목감호수품애.중흥S클래스-안양역,4,평일,15시~16시,282,274,556,13.0,39,76.0
안산시, 38,부천역차고지-에이스아파트,4,평일,18시~19시,318,311,629,11.5,39,76.0
시흥시, 63,오이도차고지-은계초등학교.사랑스러운교회,4,평일,07시~08시,318,231,549,15.0,78,76.0
안산시, 98,오이도차고지-수변공원휴게소,4,평일,16시~17시,226,177,403,27.5,104,75.0
시흥시, 23,월곶역-본오동차고지,4,평일,06시~07시,474,406,880,12.5,99,75.0
안산시, 61,화진금속공업-부천터미널소풍,4,평일,16시~17시,715,671,1386,10.0,120,74.0
시흥시, 99-2,배곧누리초.중흥S클래스-이마트,4,평일,08시~09시,310,330,640,11.5,25,74.0
광명시, 1(광명),거모동-개봉역,4,평일,09시~10시,752,813,1565,8.5,108,74.0
시흥시, 31-3,능곡공영차고지-부천소방서.부천대학사거리,4,평일,18시~19시,285,248,533,12.5,57,74.0
안산시, 31-7,한라2차아파트입구-부천역차고지,4,평일,08시~09시,379,471,850,15.0,96,74.0
시흥시, 23,월곶역-본오동차고지,4,평일,10시~11시,460,447,907,12.5,99,73.0
광명시, 1(광명),거모동-개봉역,4,평일,06시~07시,743,573,1316,8.5,108,73.0
안산시, 62,본오동종점-한라비발디1차,4,평일,20시~21시,793,839,1632,8.0,108,73.0
시흥시, 16,은계아란트리-인천대공원역,4,평일,07시~08시,176,161,337,20.0,20,73.0
시흥시, 26,시흥우체국.센트럴병원-신천동,4,평일,17시~18시,157,129,286,35.0,96,72.0
시흥시, 3300,능곡공영차고지-강남역.역삼세무서,4,평일,18시~19시,235,149,384,22.5,92,72.0
시흥시, 23,월곶역-본오동차고지,4,평일,20시~21시,454,452,906,12.5,99,72.0
부천시, 23-2,소사공영차고지-라일락마을어린이공원,4,평일,20시~21시,467,488,955,8.5,69,72.0
시흥시, 12,삼미시장-김포공항국내선(9번홈),4,평일,16시~17시,256,249,505,15.0,67,72.0
안산시, 30-2,오이도차고지-목감중심상업지구,4,평일,18시~19시,587,621,1208,12.5,128,72.0
안산시, 62,본오동종점-한라비발디1차,4,평일,06시~07시,776,659,1435,8.0,108,72.0
안산시, 30-2,오이도차고지-목감중심상업지구,4,평일,07시~08시,586,485,1071,12.5,128,72.0
부천시, 66,부인초교-용못내공원.옥길동종점,4,평일,14시~15시,354,342,696,12.0,74,72.0
부천시, 66,부인초교-용못내공원.옥길동종점,4,평일,13시~14시,353,352,705,12.0,74,72.0
안산시, 350,경원여객안양차고지-함상전망대,4,평일,07시~08시,270,220,490,25.0,119,71.0
안산시, 61,화진금속공업-부천터미널소풍,4,평일,15시~16시,681,633,1314,10.0,120,71.0
안산시, 76,본오교회앞-동보아파트후문.군자교회,4,평일,18시~19시,54,60,114,90.0,86,71.0
시흥시, 32,경원여객안양차고지-풍림2단지.소래포구입구,4,평일,19시~20시,196,237,433,25.0,86,71.0
안산시, 38,부천역차고지-에이스아파트,4,평일,17시~18시,297,270,567,11.5,39,71.0
시흥시, 32,경원여객안양차고지-풍림2단지.소래포구입구,4,평일,15시~16시,196,177,373,25.0,86,71.0
광명시, 11,광명돔경륜장.광남문-안양역,4,평일,09시~10시,114,125,239,32.5,65,71.0
시흥시, 5604,목감호수품애.중흥S클래스-석수역(중),4,평일,08시~09시,311,389,700,11.0,27,71.0
시흥시, 3400,한국산업기술대.시흥터미널-강남역.역삼세무서,4,평일,18시~19시,222,154,376,22.5,88,71.0
시흥시, 5602,이마트-구로디지털단지역환승센터(1번승강장),4,평일,19시~20시,457,596,1053,11.5,92,71.0
시흥시, 31,포동차고지-부천소방서.부천대학사거리,4,평일,08시~09시,269,259,528,12.5,44,70.0
안산시, 123,푸르지오6차후문-탄도,4,평일,07시~08시,246,202,448,25.0,110,70.0
시흥시, 63,오이도차고지-은계초등학교.사랑스러운교회,4,평일,19시~20시,291,330,621,15.0,78,70.0
안산시, 38,부천역차고지-에이스아파트,4,평일,16시~17시,293,261,554,11.5,39,70.0
시흥시, 3400,한국산업기술대.시흥터미널-강남역.역삼세무서,4,평일,07시~08시,218,158,376,22.5,88,70.0
시흥시, 26,시흥우체국.센트럴병원-신천동,4,평일,07시~08시,154,110,264,35.0,96,70.0
부천시, 66,부인초교-용못내공원.옥길동종점,4,평일,12시~13시,343,324,667,12.0,74,70.0
광명시, 1(광명),거모동-개봉역,4,평일,14시~15시,709,665,1374,8.5,108,70.0
시흥시, 5602,이마트-구로디지털단지역환승센터(1번승강장),4,평일,09시~10시,446,545,991,11.5,92,70.0
시흥시, 31-3,능곡공영차고지-부천소방서.부천대학사거리,4,평일,17시~18시,269,274,543,12.5,57,70.0
안산시, 62,본오동종점-한라비발디1차,4,평일,12시~13시,743,704,1447,8.0,108,69.0
부천시, 23-2,소사공영차고지-라일락마을어린이공원,4,평일,22시~23시,446,519,965,8.5,69,69.0
시흥시, 63,오이도차고지-은계초등학교.사랑스러운교회,4,평일,16시~17시,289,274,563,15.0,78,69.0
시흥시, 23,월곶역-본오동차고지,4,평일,11시~12시,440,443,883,12.5,99,69.0
안산시, 62,본오동종점-한라비발디1차,4,평일,13시~14시,750,761,1511,8.0,108,69.0
시흥시, 99-2,배곧누리초.중흥S클래스-이마트,4,평일,18시~19시,289,236,525,11.5,25,69.0
안산시, 61,화진금속공업-부천터미널소풍,4,평일,19시~20시,664,837,1501,10.0,120,69.0
시흥시, 21,오이도차고지-태영아파트,4,평일,17시~18시,235,222,457,25.0,107,69.0
시흥시, 3301,능곡공영차고지-사당역(중),4,평일,18시~19시,148,76,224,22.5,52,69.0
광명시, 2(광명),스타필드시티부천-안양역,4,평일,14시~15시,622,592,1214,8.0,90,69.0
광명시, 1(광명),거모동-개봉역,4,평일,20시~21시,703,762,1465,8.5,108,69.0
광명시, 1(광명),거모동-개봉역,4,평일,13시~14시,699,720,1419,8.5,108,69.0
시흥시, 530,능곡공영차고지-여의도환승센터(1번승강장),4,평일,17시~18시,272,229,501,20.0,99,69.0
시흥시, 70,배곧누리초.중흥S클래스-시흥푸르지오6차,4,평일,08시~09시,130,136,266,25.0,38,68.0
안산시, 30-2,오이도차고지-목감중심상업지구,4,평일,16시~17시,553,521,1074,12.5,128,68.0
시흥시, 21,오이도차고지-태영아파트,4,평일,16시~17시,234,200,434,25.0,107,68.0
부천시, 66,부인초교-용못내공원.옥길동종점,4,평일,20시~21시,335,338,673,12.0,74,68.0
안산시, 76,본오교회앞-동보아파트후문.군자교회,4,평일,10시~11시,52,44,96,90.0,86,68.0
안산시, 31-7,한라2차아파트입구-부천역차고지,4,평일,07시~08시,349,276,625,15.0,96,68.0
광명시, 1(광명),거모동-개봉역,4,평일,12시~13시,690,638,1328,8.5,108,68.0
시흥시, 530,능곡공영차고지-여의도환승센터(1번승강장),4,평일,19시~20시,268,269,537,20.0,99,68.0
광명시, 39,매화초등학교-개봉역,4,평일,09시~10시,159,192,351,20.5,45,68.0
안산시, 62,본오동종점-한라비발디1차,4,평일,21시~22시,724,680,1404,8.0,108,67.0
시흥시, 5602,이마트-구로디지털단지역환승센터(1번승강장),4,평일,15시~16시,429,386,815,11.5,92,67.0
안산시, 55,본오동종점-오이도차고지,4,평일,19시~20시,545,620,1165,9.0,93,66.0
안산시, 62,본오동종점-한라비발디1차,4,평일,10시~11시,708,729,1437,8.0,108,66.0
안산시, 55,본오동종점-오이도차고지,4,평일,16시~17시,548,542,1090,9.0,93,66.0
광명시, 11-3,마린월드-KTX광명역1번출구,4,평일,18시~19시,89,100,189,37.5,63,66.0
부천시, 23-2,소사공영차고지-라일락마을어린이공원,4,평일,21시~22시,429,389,818,8.5,69,66.0
안산시, 34,안산운전면허시험장-월곶동주민센터.월곶포구,4,평일,21시~22시,45,43,88,70.0,54,66.0
안산시, 50,안산해솔초등학교-KTX광명역1번출구,4,평일,20시~21시,57,65,122,60.0,65,66.0
시흥시, 97,푸르지오6차후문-능곡어울림센터.능곡중,4,평일,18시~19시,156,159,315,20.0,53,65.0
안산시, 350,경원여객안양차고지-함상전망대,4,평일,18시~19시,247,254,501,25.0,119,65.0
시흥시, 31-3,능곡공영차고지-부천소방서.부천대학사거리,4,평일,08시~09시,251,282,533,12.5,57,65.0
안산시, 31-7,한라2차아파트입구-부천역차고지,4,평일,17시~18시,333,304,637,15.0,96,65.0
안산시, 76,본오교회앞-동보아파트후문.군자교회,4,평일,19시~20시,50,52,102,90.0,86,65.0
시흥시, 3400,한국산업기술대.시흥터미널-강남역.역삼세무서,4,평일,06시~07시,202,26,228,22.5,88,65.0
시흥시, 31-9,포동차고지-부천소방서.부천대학사거리,4,평일,08시~09시,124,157,281,25.0,45,65.0
시흥시, 97,푸르지오6차후문-능곡어울림센터.능곡중,4,평일,07시~08시,157,138,295,20.0,53,65.0
안산시, 5609,그랑시티자이214동앞-여의도환승센터(2번승강장),4,평일,07시~08시,203,96,299,27.5,108,65.0
광명시, 11,광명돔경륜장.광남문-안양역,4,평일,19시~20시,103,116,219,32.5,65,64.0
안산시, 123,푸르지오6차후문-탄도,4,평일,08시~09시,224,242,466,25.0,110,64.0
시흥시, 31-3,능곡공영차고지-부천소방서.부천대학사거리,4,평일,07시~08시,243,200,443,12.5,57,63.0
시흥시, 21,오이도차고지-태영아파트,4,평일,18시~19시,216,216,432,25.0,107,63.0
시흥시, 26,시흥우체국.센트럴병원-신천동,4,평일,08시~09시,139,190,329,35.0,96,63.0
안산시, 20,경원여객-시흥시청후문.종합일자리센터,4,평일,16시~17시,43,45,88,70.0,40,63.0
안산시, 34,안산운전면허시험장-월곶동주민센터.월곶포구,4,평일,17시~18시,43,39,82,70.0,54,63.0
시흥시, 5604,목감호수품애.중흥S클래스-석수역(중),4,평일,19시~20시,273,274,547,11.0,27,63.0
시흥시, 29,정왕역환승센터-MTV웨이브파크서측,4,평일,07시~08시,101,101,202,30.0,42,63.0
광명시, 2(광명),스타필드시티부천-안양역,4,평일,20시~21시,567,568,1135,8.0,90,63.0
시흥시, 63,오이도차고지-은계초등학교.사랑스러운교회,4,평일,09시~10시,263,283,546,15.0,78,63.0
광명시, 2(광명),스타필드시티부천-안양역,4,평일,12시~13시,556,549,1105,8.0,90,62.0
시흥시, 16,은계아란트리-인천대공원역,4,평일,18시~19시,149,132,281,20.0,20,62.0
안산시, 123,푸르지오6차후문-탄도,4,평일,18시~19시,218,229,447,25.0,110,62.0
시흥시, 16,은계아란트리-인천대공원역,4,평일,19시~20시,148,141,289,20.0,20,62.0
시흥시, 63,오이도차고지-은계초등학교.사랑스러운교회,4,평일,15시~16시,259,241,500,15.0,78,62.0
광명시, 2(광명),스타필드시티부천-안양역,4,평일,21시~22시,555,558,1113,8.0,90,62.0
안산시, 50,안산해솔초등학교-KTX광명역1번출구,4,평일,15시~16시,53,49,102,60.0,65,61.0
안산시, 50,안산해솔초등학교-KTX광명역1번출구,4,평일,22시~23시,53,54,107,60.0,65,61.0
광명시, 1(광명),거모동-개봉역,4,평일,11시~12시,618,593,1211,8.5,108,61.0
안산시, 34,안산운전면허시험장-월곶동주민센터.월곶포구,4,평일,10시~11시,42,51,93,70.0,54,61.0
부천시, 23-2,소사공영차고지-라일락마을어린이공원,4,평일,11시~12시,397,366,763,8.5,69,61.0
광명시, 11,광명돔경륜장.광남문-안양역,4,평일,15시~16시,97,101,198,32.5,65,61.0
안산시, 62,본오동종점-한라비발디1차,4,평일,11시~12시,654,628,1282,8.0,108,61.0
안산시, 98,오이도차고지-수변공원휴게소,4,평일,19시~20시,184,232,416,27.5,104,61.0
안산시, 61,화진금속공업-부천터미널소풍,4,평일,09시~10시,583,609,1192,10.0,120,61.0
시흥시, 3201,삼미시장-사당역3번출구,4,평일,07시~08시,130,94,224,22.5,51,61.0
안산시, 31-7,한라2차아파트입구-부천역차고지,4,평일,16시~17시,305,266,571,15.0,96,60.0
안산시, 20,경원여객-시흥시청후문.종합일자리센터,4,평일,17시~18시,41,29,70,70.0,40,60.0
안산시, 320,경원여객-여의도환승센터(1번승강장),4,평일,07시~08시,384,292,676,15.0,121,60.0
안산시, 55,본오동종점-오이도차고지,4,평일,07시~08시,499,399,898,9.0,93,60.0
안산시, 38,부천역차고지-에이스아파트,4,평일,19시~20시,251,293,544,11.5,39,60.0
시흥시, 97,푸르지오6차후문-능곡어울림센터.능곡중,4,평일,08시~09시,145,166,311,20.0,53,60.0
시흥시, 3200,포동차고지-강남역.역삼세무서,4,평일,06시~07시,176,39,215,22.5,84,59.0
안양시, 81,목감호수품애.중흥S클래스-안양역,4,평일,09시~10시,218,231,449,13.0,39,59.0
광명시, 2(광명),스타필드시티부천-안양역,4,평일,13시~14시,528,529,1057,8.0,90,59.0
안산시, 350,경원여객안양차고지-함상전망대,4,평일,17시~18시,226,226,452,25.0,119,59.0
안산시, 30-2,오이도차고지-목감중심상업지구,4,평일,15시~16시,483,428,911,12.5,128,59.0
안산시, 61,화진금속공업-부천터미널소풍,4,평일,14시~15시,571,568,1139,10.0,120,59.0
시흥시, 31-9,포동차고지-부천소방서.부천대학사거리,4,평일,19시~20시,111,106,217,25.0,45,57.99999999999999
시흥시, 20-1,정왕역환승센터-부곡중학교,4,평일,15시~16시,243,222,465,15.0,78,57.99999999999999
시흥시, 31,포동차고지-부천소방서.부천대학사거리,4,평일,07시~08시,221,218,439,12.5,44,57.99999999999999
시흥시, 16,은계아란트리-인천대공원역,4,평일,08시~09시,139,151,290,20.0,20,57.99999999999999
시흥시, 3400,한국산업기술대.시흥터미널-강남역.역삼세무서,4,평일,17시~18시,182,117,299,22.5,88,57.99999999999999
시흥시, 3500,오이도차고지-서울대입구역,4,평일,07시~08시,140,95,235,20.0,52,57.99999999999999
안산시, 350,경원여객안양차고지-함상전망대,4,평일,16시~17시,222,170,392,25.0,119,57.99999999999999
시흥시, 99-2,배곧누리초.중흥S클래스-이마트,4,평일,19시~20시,241,287,528,11.5,25,57.99999999999999
시흥시, 32,경원여객안양차고지-풍림2단지.소래포구입구,4,평일,20시~21시,158,137,295,25.0,86,56.99999999999999
시흥시, 12,삼미시장-김포공항국내선(9번홈),4,평일,21시~22시,203,222,425,15.0,67,56.99999999999999
광명시, 11-3,마린월드-KTX광명역1번출구,4,평일,19시~20시,76,93,169,37.5,63,56.99999999999999
광명시, 2(광명),스타필드시티부천-안양역,4,평일,10시~11시,516,541,1057,8.0,90,56.99999999999999
시흥시, 12,삼미시장-김포공항국내선(9번홈),4,평일,15시~16시,204,197,401,15.0,67,56.99999999999999
광명시, 1(광명),거모동-개봉역,4,평일,21시~22시,580,611,1191,8.5,108,56.99999999999999
안산시, 34,안산운전면허시험장-월곶동주민센터.월곶포구,4,평일,13시~14시,39,35,74,70.0,54,56.99999999999999
시흥시, 28,정왕역환승센터-MTV웨이브파크서측,4,평일,07시~08시,91,85,176,30.0,44,56.99999999999999
광명시, 1(광명),거모동-개봉역,4,평일,22시~23시,567,571,1138,8.5,108,56.00000000000001
시흥시, 99-2,배곧누리초.중흥S클래스-이마트,4,평일,07시~08시,235,206,441,11.5,25,56.00000000000001
시흥시, 31,포동차고지-부천소방서.부천대학사거리,4,평일,18시~19시,216,208,424,12.5,44,56.00000000000001
광명시, 1(광명),거모동-개봉역,4,평일,10시~11시,569,611,1180,8.5,108,56.00000000000001
시흥시, 5604,목감호수품애.중흥S클래스-석수역(중),4,평일,18시~19시,246,193,439,11.0,27,56.00000000000001
안산시, 123,푸르지오6차후문-탄도,4,평일,17시~18시,198,166,364,25.0,110,56.00000000000001
광명시, 2(광명),스타필드시티부천-안양역,4,평일,22시~23시,508,562,1070,8.0,90,56.00000000000001
안양시, 81,목감호수품애.중흥S클래스-안양역,4,평일,12시~13시,207,192,399,13.0,39,56.00000000000001
시흥시, 5602,이마트-구로디지털단지역환승센터(1번승강장),4,평일,14시~15시,349,330,679,11.5,92,55.00000000000001
안산시, 31-7,한라2차아파트입구-부천역차고지,4,평일,19시~20시,284,372,656,15.0,96,55.00000000000001
안산시, 62,본오동종점-한라비발디1차,4,평일,22시~23시,599,651,1250,8.0,108,55.00000000000001
시흥시, 29,정왕역환승센터-MTV웨이브파크서측,4,평일,08시~09시,88,109,197,30.0,42,55.00000000000001
시흥시, 12,삼미시장-김포공항국내선(9번홈),4,평일,14시~15시,198,179,377,15.0,67,55.00000000000001
시흥시, 3400,한국산업기술대.시흥터미널-강남역.역삼세무서,4,평일,19시~20시,172,239,411,22.5,88,55.00000000000001
안산시, 61,화진금속공업-부천터미널소풍,4,평일,13시~14시,528,537,1065,10.0,120,55.00000000000001
광명시, 2(광명),스타필드시티부천-안양역,4,평일,11시~12시,495,452,947,8.0,90,55.00000000000001
안산시, 55,본오동종점-오이도차고지,4,평일,15시~16시,457,397,854,9.0,93,55.00000000000001
시흥시, 12,삼미시장-김포공항국내선(9번홈),4,평일,06시~07시,196,146,342,15.0,67,55.00000000000001
시흥시, 63,오이도차고지-은계초등학교.사랑스러운교회,4,평일,20시~21시,230,230,460,15.0,78,55.00000000000001
안산시, 30-2,오이도차고지-목감중심상업지구,4,평일,19시~20시,453,518,971,12.5,128,55.00000000000001
안산시, 55,본오동종점-오이도차고지,4,평일,09시~10시,458,483,941,9.0,93,55.00000000000001
안산시, 50,안산해솔초등학교-KTX광명역1번출구,4,평일,21시~22시,47,51,98,60.0,65,54.0
시흥시, 3200,포동차고지-강남역.역삼세무서,4,평일,19시~20시,161,155,316,22.5,84,54.0
시흥시, 12,삼미시장-김포공항국내선(9번홈),4,평일,22시~23시,192,185,377,15.0,67,54.0
시흥시, 530,능곡공영차고지-여의도환승센터(1번승강장),4,평일,16시~17시,212,197,409,20.0,99,54.0
안양시, 81,목감호수품애.중흥S클래스-안양역,4,평일,21시~22시,200,199,399,13.0,39,54.0
안산시, 99,오이도차고지-삼천리마을앞,4,평일,18시~19시,208,188,396,17.5,85,54.0
안산시, 99,오이도차고지-삼천리마을앞,4,평일,08시~09시,211,232,443,17.5,85,54.0
안양시, 81,목감호수품애.중흥S클래스-안양역,4,평일,20시~21시,201,227,428,13.0,39,54.0
안산시, 350,경원여객안양차고지-함상전망대,4,평일,08시~09시,204,264,468,25.0,119,54.0
안산시, 35,경원여객안양차고지-중앙역앞,4,평일,17시~18시,22,19,41,180.0,92,54.0
광명시, 11-3,마린월드-KTX광명역1번출구,4,평일,15시~16시,72,72,144,37.5,63,54.0
부천시, 23-2,소사공영차고지-라일락마을어린이공원,4,평일,10시~11시,351,388,739,8.5,69,54.0
시흥시, 5602,이마트-구로디지털단지역환승센터(1번승강장),4,평일,20시~21시,345,351,696,11.5,92,54.0
안산시, 123,푸르지오6차후문-탄도,4,평일,09시~10시,188,216,404,25.0,110,53.0
시흥시, 23,월곶역-본오동차고지,4,평일,21시~22시,333,394,727,12.5,99,53.0
시흥시, 3300,능곡공영차고지-강남역.역삼세무서,4,평일,06시~07시,173,20,193,22.5,92,53.0
안양시, 81,목감호수품애.중흥S클래스-안양역,4,평일,13시~14시,194,195,389,13.0,39,53.0
안산시, 61,화진금속공업-부천터미널소풍,4,평일,12시~13시,513,468,981,10.0,120,53.0
시흥시, 5602,이마트-구로디지털단지역환승센터(1번승강장),4,평일,10시~11시,336,311,647,11.5,92,53.0
시흥시, 20-1,정왕역환승센터-부곡중학교,4,평일,14시~15시,220,199,419,15.0,78,53.0
시흥시, 63,오이도차고지-은계초등학교.사랑스러운교회,4,평일,14시~15시,219,205,424,15.0,78,53.0
부천시, 66,부인초교-용못내공원.옥길동종점,4,평일,11시~12시,256,243,499,12.0,74,52.0
안산시, 98,오이도차고지-수변공원휴게소,4,평일,14시~15시,157,134,291,27.5,104,52.0
시흥시, 3301,능곡공영차고지-사당역(중),4,평일,06시~07시,111,30,141,22.5,52,52.0
시흥시, 31-3,능곡공영차고지-부천소방서.부천대학사거리,4,평일,16시~17시,199,189,388,12.5,57,52.0
시흥시, 3200,포동차고지-강남역.역삼세무서,4,평일,18시~19시,156,97,253,22.5,84,52.0
시흥시, 63,오이도차고지-은계초등학교.사랑스러운교회,4,평일,13시~14시,217,231,448,15.0,78,52.0
안산시, 99,오이도차고지-삼천리마을앞,4,평일,07시~08시,200,185,385,17.5,85,51.0
안산시, 99,오이도차고지-삼천리마을앞,4,평일,17시~18시,197,178,375,17.5,85,51.0
시흥시, 3400,한국산업기술대.시흥터미널-강남역.역삼세무서,4,평일,21시~22시,161,148,309,22.5,88,51.0
안양시, 81,목감호수품애.중흥S클래스-안양역,4,평일,10시~11시,189,203,392,13.0,39,51.0
시흥시, 21,오이도차고지-태영아파트,4,평일,19시~20시,174,218,392,25.0,107,51.0
시흥시, 21,오이도차고지-태영아파트,4,평일,20시~21시,175,150,325,25.0,107,51.0
광명시, 39,매화초등학교-개봉역,4,평일,16시~17시,119,124,243,20.5,45,51.0
안산시, 98,오이도차고지-수변공원휴게소,4,평일,09시~10시,154,161,315,27.5,104,51.0
안산시, 30,오이도차고지-광덕중학교,4,평일,18시~19시,181,182,363,22.5,99,51.0
광명시, 11,광명돔경륜장.광남문-안양역,4,평일,06시~07시,82,89,171,32.5,65,51.0
시흥시, 21,오이도차고지-태영아파트,4,평일,09시~10시,175,225,400,25.0,107,51.0
시흥시, 25,오이도차고지-정왕역환승센터,4,평일,08시~09시,48,93,141,50.0,32,50.0
시흥시, 3400,한국산업기술대.시흥터미널-강남역.역삼세무서,4,평일,08시~09시,156,229,385,22.5,88,50.0
안산시, 30-2,오이도차고지-목감중심상업지구,4,평일,09시~10시,409,431,840,12.5,128,50.0
시흥시, 3301,능곡공영차고지-사당역(중),4,평일,07시~08시,107,113,220,22.5,52,50.0
시흥시, 12,삼미시장-김포공항국내선(9번홈),4,평일,13시~14시,179,186,365,15.0,67,50.0
안산시, 76,본오교회앞-동보아파트후문.군자교회,4,평일,09시~10시,38,30,68,90.0,86,50.0
광명시, 39,매화초등학교-개봉역,4,평일,15시~16시,117,108,225,20.5,45,50.0
안산시, 34,안산운전면허시험장-월곶동주민센터.월곶포구,4,평일,16시~17시,34,32,66,70.0,54,50.0
시흥시, 63,오이도차고지-은계초등학교.사랑스러운교회,4,평일,21시~22시,210,223,433,15.0,78,50.0
시흥시, 31-9,포동차고지-부천소방서.부천대학사거리,4,평일,18시~19시,96,95,191,25.0,45,50.0
안산시, 55,본오동종점-오이도차고지,4,평일,20시~21시,413,445,858,9.0,93,50.0
시흥시, 32,경원여객안양차고지-풍림2단지.소래포구입구,4,평일,09시~10시,137,186,323,25.0,86,50.0
안산시, 61,화진금속공업-부천터미널소풍,4,평일,10시~11시,481,476,957,10.0,120,50.0
안산시, 61,화진금속공업-부천터미널소풍,4,평일,11시~12시,478,498,976,10.0,120,50.0
시흥시, 20-1,정왕역환승센터-부곡중학교,4,평일,21시~22시,206,252,458,15.0,78,50.0
부천시, 66,부인초교-용못내공원.옥길동종점,4,평일,10시~11시,245,261,506,12.0,74,50.0
안산시, 34,안산운전면허시험장-월곶동주민센터.월곶포구,4,평일,22시~23시,34,36,70,70.0,54,50.0
안산시, 98,오이도차고지-수변공원휴게소,4,평일,15시~16시,152,159,311,27.5,104,50.0
시흥시, 70,배곧누리초.중흥S클래스-시흥푸르지오6차,4,평일,17시~18시,95,92,187,25.0,38,49.0
시흥시, 63,오이도차고지-은계초등학교.사랑스러운교회,4,평일,22시~23시,204,212,416,15.0,78,49.0
안산시, 30-2,오이도차고지-목감중심상업지구,4,평일,12시~13시,403,358,761,12.5,128,49.0
안산시, 55,본오동종점-오이도차고지,4,평일,14시~15시,403,385,788,9.0,93,49.0
광명시, 2(광명),스타필드시티부천-안양역,4,평일,06시~07시,440,344,784,8.0,90,49.0
안산시, 61,화진금속공업-부천터미널소풍,4,평일,06시~07시,466,409,875,10.0,120,49.0
안양시, 81,목감호수품애.중흥S클래스-안양역,4,평일,06시~07시,182,152,334,13.0,39,49.0
안산시, 123,푸르지오6차후문-탄도,4,평일,16시~17시,173,170,343,25.0,110,49.0
시흥시, 26-1,능곡공영차고지-한국산업기술대.시흥터미널,4,평일,18시~19시,118,125,243,20.0,51,49.0
안산시, 320,경원여객-여의도환승센터(1번승강장),4,평일,08시~09시,315,483,798,15.0,121,49.0
시흥시, 3500,오이도차고지-서울대입구역,4,평일,18시~19시,118,84,202,20.0,52,49.0
안양시, 81,목감호수품애.중흥S클래스-안양역,4,평일,22시~23시,181,193,374,13.0,39,49.0
시흥시, 5602,이마트-구로디지털단지역환승센터(1번승강장),4,평일,13시~14시,311,321,632,11.5,92,49.0
안산시, 123,푸르지오6차후문-탄도,4,평일,06시~07시,174,140,314,25.0,110,49.0
안산시, 38,부천역차고지-에이스아파트,4,평일,09시~10시,204,221,425,11.5,39,49.0
안산시, 30,오이도차고지-광덕중학교,4,평일,16시~17시,173,169,342,22.5,99,49.0
안산시, 98,오이도차고지-수변공원휴게소,4,평일,12시~13시,147,129,276,27.5,104,49.0
시흥시, 63,오이도차고지-은계초등학교.사랑스러운교회,4,평일,11시~12시,200,195,395,15.0,78,48.0
안양시, 81,목감호수품애.중흥S클래스-안양역,4,평일,14시~15시,179,176,355,13.0,39,48.0
안산시, 20,경원여객-시흥시청후문.종합일자리센터,4,평일,06시~07시,33,8,41,70.0,40,48.0
시흥시, 5200,시흥우체국.센트럴병원-신도림역,4,평일,07시~08시,175,100,275,20.0,92,48.0
시흥시, 70,배곧누리초.중흥S클래스-시흥푸르지오6차,4,평일,07시~08시,92,79,171,25.0,38,48.0
광명시, 11,광명돔경륜장.광남문-안양역,4,평일,20시~21시,77,85,162,32.5,65,48.0
시흥시, 23,월곶역-본오동차고지,4,평일,22시~23시,307,293,600,12.5,99,48.0
시흥시, 28,정왕역환승센터-MTV웨이브파크서측,4,평일,18시~19시,77,89,166,30.0,44,48.0
안산시, 61,화진금속공업-부천터미널소풍,4,평일,20시~21시,465,466,931,10.0,120,48.0
시흥시, 32,경원여객안양차고지-풍림2단지.소래포구입구,4,평일,06시~07시,133,96,229,25.0,86,48.0
시흥시, 32,경원여객안양차고지-풍림2단지.소래포구입구,4,평일,22시~23시,133,140,273,25.0,86,48.0
안산시, 34,안산운전면허시험장-월곶동주민센터.월곶포구,4,평일,18시~19시,33,21,54,70.0,54,48.0
안산시, 30-2,오이도차고지-목감중심상업지구,4,평일,13시~14시,387,388,775,12.5,128,47.0
시흥시, 3400,한국산업기술대.시흥터미널-강남역.역삼세무서,4,평일,20시~21시,147,182,329,22.5,88,47.0
시흥시, 12,삼미시장-김포공항국내선(9번홈),4,평일,10시~11시,169,183,352,15.0,67,47.0
시흥시, 12,삼미시장-김포공항국내선(9번홈),4,평일,12시~13시,168,160,328,15.0,67,47.0
안산시, 76,본오교회앞-동보아파트후문.군자교회,4,평일,13시~14시,36,31,67,90.0,86,47.0
시흥시, 32,경원여객안양차고지-풍림2단지.소래포구입구,4,평일,13시~14시,130,124,254,25.0,86,47.0
시흥시, 32,경원여객안양차고지-풍림2단지.소래포구입구,4,평일,14시~15시,129,127,256,25.0,86,47.0
안산시, 123,푸르지오6차후문-탄도,4,평일,15시~16시,165,155,320,25.0,110,47.0
안산시, 123,푸르지오6차후문-탄도,4,평일,19시~20시,166,196,362,25.0,110,47.0
안산시, 34,안산운전면허시험장-월곶동주민센터.월곶포구,4,평일,20시~21시,32,45,77,70.0,54,47.0
시흥시, 99-2,배곧누리초.중흥S클래스-이마트,4,평일,20시~21시,198,184,382,11.5,25,47.0
시흥시, 21,오이도차고지-태영아파트,4,평일,06시~07시,156,133,289,25.0,107,46.0
안산시, 31-7,한라2차아파트입구-부천역차고지,4,평일,09시~10시,234,228,462,15.0,96,46.0
시흥시, 99-2,배곧누리초.중흥S클래스-이마트,4,평일,22시~23시,191,189,380,11.5,25,46.0
시흥시, 3300,능곡공영차고지-강남역.역삼세무서,4,평일,19시~20시,151,203,354,22.5,92,46.0
시흥시, 12,삼미시장-김포공항국내선(9번홈),4,평일,11시~12시,166,165,331,15.0,67,46.0
안산시, 38,부천역차고지-에이스아파트,4,평일,15시~16시,192,173,365,11.5,39,46.0
시흥시, 29,정왕역환승센터-MTV웨이브파크서측,4,평일,17시~18시,73,34,107,30.0,42,46.0
시흥시, 25,오이도차고지-정왕역환승센터,4,평일,06시~07시,44,19,63,50.0,32,46.0
광명시, 11,광명돔경륜장.광남문-안양역,4,평일,10시~11시,73,81,154,32.5,65,46.0
안산시, 76,본오교회앞-동보아파트후문.군자교회,4,평일,17시~18시,35,28,63,90.0,86,46.0
시흥시, 530,능곡공영차고지-여의도환승센터(1번승강장),4,평일,09시~10시,178,210,388,20.0,99,45.0
안산시, 50,안산해솔초등학교-KTX광명역1번출구,4,평일,14시~15시,39,40,79,60.0,65,45.0
시흥시, 99-3,오이도역-MTV웨이브파크서측,4,평일,16시~17시,107,93,200,20.0,33,45.0
시흥시, 3400,한국산업기술대.시흥터미널-강남역.역삼세무서,4,평일,16시~17시,141,95,236,22.5,88,45.0
시흥시, 21,오이도차고지-태영아파트,4,평일,15시~16시,155,178,333,25.0,107,45.0
안산시, 31-7,한라2차아파트입구-부천역차고지,4,평일,06시~07시,232,170,402,15.0,96,45.0
시흥시, 5602,이마트-구로디지털단지역환승센터(1번승강장),4,평일,12시~13시,288,259,547,11.5,92,45.0
시흥시, 3201,삼미시장-사당역3번출구,4,평일,19시~20시,97,63,160,22.5,51,45.0
시흥시, 26,시흥우체국.센트럴병원-신천동,4,평일,19시~20시,99,96,195,35.0,96,45.0
시흥시, 97,푸르지오6차후문-능곡어울림센터.능곡중,4,평일,17시~18시,109,109,218,20.0,53,45.0
시흥시, 31-3,능곡공영차고지-부천소방서.부천대학사거리,4,평일,19시~20시,174,237,411,12.5,57,45.0
부천시, 23-2,소사공영차고지-라일락마을어린이공원,4,평일,06시~07시,289,243,532,8.5,69,45.0
안산시, 55,본오동종점-오이도차고지,4,평일,12시~13시,371,367,738,9.0,93,45.0
시흥시, 5602,이마트-구로디지털단지역환승센터(1번승강장),4,평일,21시~22시,288,319,607,11.5,92,45.0
광명시, 11-3,마린월드-KTX광명역1번출구,4,평일,13시~14시,60,64,124,37.5,63,45.0
시흥시, 63,오이도차고지-은계초등학교.사랑스러운교회,4,평일,12시~13시,188,185,373,15.0,78,45.0
시흥시, 20-1,정왕역환승센터-부곡중학교,4,평일,09시~10시,187,228,415,15.0,78,45.0
시흥시, 29,정왕역환승센터-MTV웨이브파크서측,4,평일,06시~07시,72,32,104,30.0,42,45.0
시흥시, 5602,이마트-구로디지털단지역환승센터(1번승강장),4,평일,06시~07시,285,108,393,11.5,92,45.0
안산시, 50,안산해솔초등학교-KTX광명역1번출구,4,평일,11시~12시,38,38,76,60.0,65,44.0
시흥시, 31-9,포동차고지-부천소방서.부천대학사거리,4,평일,15시~16시,84,79,163,25.0,45,44.0
시흥시, 99-2,배곧누리초.중흥S클래스-이마트,4,평일,17시~18시,184,170,354,11.5,25,44.0
안산시, 55,본오동종점-오이도차고지,4,평일,13시~14시,363,367,730,9.0,93,44.0
시흥시, 99-2,배곧누리초.중흥S클래스-이마트,4,평일,21시~22시,185,204,389,11.5,25,44.0
안산시, 76,본오교회앞-동보아파트후문.군자교회,4,평일,21시~22시,34,34,68,90.0,86,44.0
시흥시, 26-1,능곡공영차고지-한국산업기술대.시흥터미널,4,평일,08시~09시,106,130,236,20.0,51,44.0
광명시, 39,매화초등학교-개봉역,4,평일,14시~15시,103,95,198,20.5,45,44.0
시흥시, 3201,삼미시장-사당역3번출구,4,평일,06시~07시,93,17,110,22.5,51,44.0
안산시, 320,경원여객-여의도환승센터(1번승강장),4,평일,18시~19시,285,318,603,15.0,121,44.0
안산시, 31-7,한라2차아파트입구-부천역차고지,4,평일,14시~15시,223,210,433,15.0,96,44.0
광명시, 11-3,마린월드-KTX광명역1번출구,4,평일,14시~15시,59,58,117,37.5,63,44.0
안산시, 31-7,한라2차아파트입구-부천역차고지,4,평일,15시~16시,226,212,438,15.0,96,44.0
안산시, 38,부천역차고지-에이스아파트,4,평일,12시~13시,184,175,359,11.5,39,44.0
광명시, 39,매화초등학교-개봉역,4,평일,11시~12시,102,102,204,20.5,45,44.0
안산시, 30,오이도차고지-광덕중학교,4,평일,17시~18시,155,123,278,22.5,99,44.0
시흥시, 70,배곧누리초.중흥S클래스-시흥푸르지오6차,4,평일,19시~20시,82,69,151,25.0,38,43.0
시흥시, 5602,이마트-구로디지털단지역환승센터(1번승강장),4,평일,11시~12시,277,302,579,11.5,92,43.0
시흥시, 31-9,포동차고지-부천소방서.부천대학사거리,4,평일,17시~18시,82,82,164,25.0,45,43.0
안산시, 350,경원여객안양차고지-함상전망대,4,평일,19시~20시,164,191,355,25.0,119,43.0
시흥시, 20-1,정왕역환승센터-부곡중학교,4,평일,13시~14시,179,159,338,15.0,78,43.0
시흥시, 3400,한국산업기술대.시흥터미널-강남역.역삼세무서,4,평일,22시~23시,135,166,301,22.5,88,43.0
시흥시, 5604,목감호수품애.중흥S클래스-석수역(중),4,평일,06시~07시,187,142,329,11.0,27,43.0
안산시, 76,본오교회앞-동보아파트후문.군자교회,4,평일,12시~13시,33,34,67,90.0,86,43.0
광명시, 11,광명돔경륜장.광남문-안양역,4,평일,14시~15시,69,66,135,32.5,65,43.0
시흥시, 25,오이도차고지-정왕역환승센터,4,평일,09시~10시,41,35,76,50.0,32,43.0
안산시, 5609,그랑시티자이214동앞-여의도환승센터(2번승강장),4,평일,18시~19시,133,77,210,27.5,108,42.0
안양시, 81,목감호수품애.중흥S클래스-안양역,4,평일,11시~12시,154,161,315,13.0,39,42.0
안산시, 30-2,오이도차고지-목감중심상업지구,4,평일,06시~07시,340,287,627,12.5,128,42.0
광명시, 11-3,마린월드-KTX광명역1번출구,4,평일,22시~23시,57,60,117,37.5,63,42.0
시흥시, 21,오이도차고지-태영아파트,4,평일,14시~15시,143,105,248,25.0,107,42.0
시흥시, 530,능곡공영차고지-여의도환승센터(1번승강장),4,평일,20시~21시,166,202,368,20.0,99,42.0
안산시, 20,경원여객-시흥시청후문.종합일자리센터,4,평일,10시~11시,29,28,57,70.0,40,42.0
안산시, 55,본오동종점-오이도차고지,4,평일,06시~07시,345,270,615,9.0,93,42.0
광명시, 11-3,마린월드-KTX광명역1번출구,4,평일,12시~13시,57,59,116,37.5,63,42.0
안산시, 320,경원여객-여의도환승센터(1번승강장),4,평일,17시~18시,272,215,487,15.0,121,42.0
시흥시, 32,경원여객안양차고지-풍림2단지.소래포구입구,4,평일,10시~11시,115,104,219,25.0,86,42.0
시흥시, 25,오이도차고지-정왕역환승센터,4,평일,17시~18시,40,40,80,50.0,32,42.0
시흥시, 99-3,오이도역-MTV웨이브파크서측,4,평일,08시~09시,101,124,225,20.0,33,42.0
광명시, 11,광명돔경륜장.광남문-안양역,4,평일,05시~06시,68,40,108,32.5,65,42.0
시흥시, 32,경원여객안양차고지-풍림2단지.소래포구입구,4,평일,21시~22시,115,127,242,25.0,86,42.0
안산시, 38,부천역차고지-에이스아파트,4,평일,22시~23시,170,175,345,11.5,39,41.0
시흥시, 26,시흥우체국.센트럴병원-신천동,4,평일,18시~19시,91,101,192,35.0,96,41.0
시흥시, 3300,능곡공영차고지-강남역.역삼세무서,4,평일,08시~09시,134,263,397,22.5,92,41.0
안산시, 76,본오교회앞-동보아파트후문.군자교회,4,평일,15시~16시,31,34,65,90.0,86,41.0
광명시, 11,광명돔경륜장.광남문-안양역,4,평일,13시~14시,66,50,116,32.5,65,41.0
시흥시, 28,정왕역환승센터-MTV웨이브파크서측,4,평일,06시~07시,65,45,110,30.0,44,41.0
광명시, 11,광명돔경륜장.광남문-안양역,4,평일,16시~17시,66,60,126,32.5,65,41.0
안산시, 76,본오교회앞-동보아파트후문.군자교회,4,평일,05시~06시,31,27,58,90.0,86,41.0
안산시, 30-2,오이도차고지-목감중심상업지구,4,평일,10시~11시,333,340,673,12.5,128,41.0
시흥시, 3301,능곡공영차고지-사당역(중),4,평일,19시~20시,88,143,231,22.5,52,41.0
안산시, 34,안산운전면허시험장-월곶동주민센터.월곶포구,4,평일,19시~20시,28,30,58,70.0,54,41.0
광명시, 11-3,마린월드-KTX광명역1번출구,4,평일,20시~21시,55,63,118,37.5,63,41.0
시흥시, 29,정왕역환승센터-MTV웨이브파크서측,4,평일,18시~19시,65,108,173,30.0,42,41.0
안산시, 350,경원여객안양차고지-함상전망대,4,평일,15시~16시,155,156,311,25.0,119,41.0
광명시, 39,매화초등학교-개봉역,4,평일,20시~21시,97,129,226,20.5,45,41.0
시흥시, 5200,시흥우체국.센트럴병원-신도림역,4,평일,18시~19시,151,108,259,20.0,92,41.0
시흥시, 20-1,정왕역환승센터-부곡중학교,4,평일,12시~13시,169,177,346,15.0,78,41.0
안산시, 99,오이도차고지-삼천리마을앞,4,평일,16시~17시,154,168,322,17.5,85,40.0
안산시, 30-2,오이도차고지-목감중심상업지구,4,평일,11시~12시,326,310,636,12.5,128,40.0
시흥시, 25,오이도차고지-정왕역환승센터,4,평일,18시~19시,38,30,68,50.0,32,40.0
시흥시, 5602,이마트-구로디지털단지역환승센터(1번승강장),4,평일,22시~23시,259,261,520,11.5,92,40.0
안산시, 320,경원여객-여의도환승센터(1번승강장),4,평일,06시~07시,255,118,373,15.0,121,40.0
시흥시, 21,오이도차고지-태영아파트,4,평일,12시~13시,138,115,253,25.0,107,40.0
시흥시, 32,경원여객안양차고지-풍림2단지.소래포구입구,4,평일,12시~13시,111,109,220,25.0,86,40.0
광명시, 39,매화초등학교-개봉역,4,평일,10시~11시,94,99,193,20.5,45,40.0
시흥시, 3500,오이도차고지-서울대입구역,4,평일,06시~07시,97,42,139,20.0,52,40.0
시흥시, 3200,포동차고지-강남역.역삼세무서,4,평일,21시~22시,120,85,205,22.5,84,40.0
안산시, 38,부천역차고지-에이스아파트,4,평일,10시~11시,165,181,346,11.5,39,40.0
안산시, 38,부천역차고지-에이스아파트,4,평일,13시~14시,168,167,335,11.5,39,40.0
시흥시, 3500,오이도차고지-서울대입구역,4,평일,19시~20시,95,126,221,20.0,52,40.0
안산시, 38,부천역차고지-에이스아파트,4,평일,20시~21시,165,175,340,11.5,39,40.0
시흥시, 97,푸르지오6차후문-능곡어울림센터.능곡중,4,평일,09시~10시,95,94,189,20.0,53,40.0
시흥시, 32,경원여객안양차고지-풍림2단지.소래포구입구,4,평일,11시~12시,109,93,202,25.0,86,40.0
안산시, 31-7,한라2차아파트입구-부천역차고지,4,평일,12시~13시,206,185,391,15.0,96,40.0
시흥시, 31-9,포동차고지-부천소방서.부천대학사거리,4,평일,16시~17시,76,77,153,25.0,45,40.0
시흥시, 31-3,능곡공영차고지-부천소방서.부천대학사거리,4,평일,20시~21시,152,143,295,12.5,57,40.0
시흥시, 70,배곧누리초.중흥S클래스-시흥푸르지오6차,4,평일,18시~19시,76,80,156,25.0,38,40.0
시흥시, 63,오이도차고지-은계초등학교.사랑스러운교회,4,평일,10시~11시,164,159,323,15.0,78,39.0
안산시, 50,안산해솔초등학교-KTX광명역1번출구,4,평일,12시~13시,34,29,63,60.0,65,39.0
안산시, 350,경원여객안양차고지-함상전망대,4,평일,06시~07시,150,124,274,25.0,119,39.0
안산시, 31-7,한라2차아파트입구-부천역차고지,4,평일,20시~21시,199,217,416,15.0,96,39.0
안산시, 98,오이도차고지-수변공원휴게소,4,평일,21시~22시,119,114,233,27.5,104,39.0
안산시, 55,본오동종점-오이도차고지,4,평일,10시~11시,326,325,651,9.0,93,39.0
안산시, 38,부천역차고지-에이스아파트,4,평일,21시~22시,163,155,318,11.5,39,39.0
시흥시, 97,푸르지오6차후문-능곡어울림센터.능곡중,4,평일,16시~17시,93,91,184,20.0,53,39.0
시흥시, 3200,포동차고지-강남역.역삼세무서,4,평일,08시~09시,116,260,376,22.5,84,39.0
시흥시, 3300,능곡공영차고지-강남역.역삼세무서,4,평일,17시~18시,126,77,203,22.5,92,39.0
시흥시, 31-9,포동차고지-부천소방서.부천대학사거리,4,평일,21시~22시,74,74,148,25.0,45,39.0
시흥시, 21,오이도차고지-태영아파트,4,평일,10시~11시,132,120,252,25.0,107,39.0
시흥시, 31,포동차고지-부천소방서.부천대학사거리,4,평일,19시~20시,148,165,313,12.5,44,39.0
안산시, 350,경원여객안양차고지-함상전망대,4,평일,12시~13시,143,163,306,25.0,119,38.0
안산시, 20,경원여객-시흥시청후문.종합일자리센터,4,평일,20시~21시,26,30,56,70.0,40,38.0
시흥시, 36,시흥시청후문.종합일자리센터-은계초등학교.사랑스러운교회,4,평일,07시~08시,60,45,105,30.0,51,38.0
안산시, 31-7,한라2차아파트입구-부천역차고지,4,평일,10시~11시,192,206,398,15.0,96,38.0
부천시, 66,부인초교-용못내공원.옥길동종점,4,평일,06시~07시,188,154,342,12.0,74,38.0
시흥시, 23,월곶역-본오동차고지,4,평일,05시~06시,241,189,430,12.5,99,38.0
광명시, 11,광명돔경륜장.광남문-안양역,4,평일,21시~22시,60,52,112,32.5,65,38.0
안산시, 20,경원여객-시흥시청후문.종합일자리센터,4,평일,15시~16시,26,24,50,70.0,40,38.0
안산시, 98,오이도차고지-수변공원휴게소,4,평일,20시~21시,114,127,241,27.5,104,38.0
안산시, 34,안산운전면허시험장-월곶동주민센터.월곶포구,4,평일,12시~13시,26,26,52,70.0,54,38.0
시흥시, 97,푸르지오6차후문-능곡어울림센터.능곡중,4,평일,15시~16시,91,83,174,20.0,53,38.0
안산시, 76,본오교회앞-동보아파트후문.군자교회,4,평일,14시~15시,29,32,61,90.0,86,38.0
안산시, 31-7,한라2차아파트입구-부천역차고지,4,평일,13시~14시,197,232,429,15.0,96,38.0
광명시, 11,광명돔경륜장.광남문-안양역,4,평일,11시~12시,59,60,119,32.5,65,37.0
시흥시, 3200,포동차고지-강남역.역삼세무서,4,평일,22시~23시,111,116,227,22.5,84,37.0
안산시, 30,오이도차고지-광덕중학교,4,평일,07시~08시,130,113,243,22.5,99,37.0
광명시, 11-3,마린월드-KTX광명역1번출구,4,평일,06시~07시,50,29,79,37.5,63,37.0
안산시, 30-2,오이도차고지-목감중심상업지구,4,평일,14시~15시,305,312,617,12.5,128,37.0
시흥시, 31-9,포동차고지-부천소방서.부천대학사거리,4,평일,20시~21시,71,79,150,25.0,45,37.0
안산시, 350,경원여객안양차고지-함상전망대,4,평일,13시~14시,140,134,274,25.0,119,37.0
시흥시, 99-2,배곧누리초.중흥S클래스-이마트,4,평일,09시~10시,153,177,330,11.5,25,37.0
시흥시, 99-3,오이도역-MTV웨이브파크서측,4,평일,07시~08시,88,57,145,20.0,33,37.0
안산시, 99,오이도차고지-삼천리마을앞,4,평일,15시~16시,144,121,265,17.5,85,37.0
안산시, 98,오이도차고지-수변공원휴게소,4,평일,13시~14시,111,127,238,27.5,104,37.0
안산시, 50,안산해솔초등학교-KTX광명역1번출구,4,평일,10시~11시,32,33,65,60.0,65,37.0
안산시, 98,오이도차고지-수변공원휴게소,4,평일,10시~11시,111,114,225,27.5,104,37.0
안산시, 30,오이도차고지-광덕중학교,4,평일,09시~10시,132,128,260,22.5,99,37.0
안산시, 30,오이도차고지-광덕중학교,4,평일,11시~12시,129,112,241,22.5,99,37.0
광명시, 11-3,마린월드-KTX광명역1번출구,4,평일,09시~10시,50,59,109,37.5,63,37.0
안산시, 123,푸르지오6차후문-탄도,4,평일,14시~15시,131,112,243,25.0,110,37.0
시흥시, 20-1,정왕역환승센터-부곡중학교,4,평일,11시~12시,154,149,303,15.0,78,37.0
광명시, 11-3,마린월드-KTX광명역1번출구,4,평일,21시~22시,50,48,98,37.5,63,37.0
시흥시, 28,정왕역환승센터-MTV웨이브파크서측,4,평일,17시~18시,59,37,96,30.0,44,37.0
안산시, 30,오이도차고지-광덕중학교,4,평일,15시~16시,128,136,264,22.5,99,36.0
시흥시, 25,오이도차고지-정왕역환승센터,4,평일,19시~20시,35,33,68,50.0,32,36.0
광명시, 11,광명돔경륜장.광남문-안양역,4,평일,12시~13시,57,61,118,32.5,65,36.0
시흥시, 26,시흥우체국.센트럴병원-신천동,4,평일,06시~07시,78,44,122,35.0,96,36.0
시흥시, 31-9,포동차고지-부천소방서.부천대학사거리,4,평일,09시~10시,70,82,152,25.0,45,36.0
안산시, 99,오이도차고지-삼천리마을앞,4,평일,19시~20시,139,180,319,17.5,85,36.0
안산시, 123,푸르지오6차후문-탄도,4,평일,13시~14시,125,126,251,25.0,110,36.0
안산시, 30,오이도차고지-광덕중학교,4,평일,13시~14시,126,117,243,22.5,99,36.0
시흥시, 99-2,배곧누리초.중흥S클래스-이마트,4,평일,16시~17시,150,157,307,11.5,25,36.0
시흥시, 530,능곡공영차고지-여의도환승센터(1번승강장),4,평일,15시~16시,144,129,273,20.0,99,36.0
시흥시, 31-3,능곡공영차고지-부천소방서.부천대학사거리,4,평일,09시~10시,136,139,275,12.5,57,35.0
안산시, 20,경원여객-시흥시청후문.종합일자리센터,4,평일,19시~20시,24,44,68,70.0,40,35.0
안산시, 55,본오동종점-오이도차고지,4,평일,11시~12시,289,276,565,9.0,93,35.0
안산시, 20,경원여객-시흥시청후문.종합일자리센터,4,평일,14시~15시,24,26,50,70.0,40,35.0
시흥시, 3400,한국산업기술대.시흥터미널-강남역.역삼세무서,4,평일,14시~15시,109,86,195,22.5,88,35.0
시흥시, 31-9,포동차고지-부천소방서.부천대학사거리,4,평일,06시~07시,68,31,99,25.0,45,35.0
안산시, 30,오이도차고지-광덕중학교,4,평일,08시~09시,124,162,286,22.5,99,35.0
시흥시, 3500,오이도차고지-서울대입구역,4,평일,17시~18시,85,36,121,20.0,52,35.0
시흥시, 31-3,능곡공영차고지-부천소방서.부천대학사거리,4,평일,21시~22시,134,152,286,12.5,57,35.0
광명시, 39,매화초등학교-개봉역,4,평일,12시~13시,82,89,171,20.5,45,35.0
안산시, 34,안산운전면허시험장-월곶동주민센터.월곶포구,4,평일,05시~06시,24,21,45,70.0,54,35.0
안산시, 34,안산운전면허시험장-월곶동주민센터.월곶포구,4,평일,06시~07시,24,26,50,70.0,54,35.0
시흥시, 5604,목감호수품애.중흥S클래스-석수역(중),4,평일,17시~18시,154,137,291,11.0,27,35.0
안산시, 123,푸르지오6차후문-탄도,4,평일,20시~21시,123,119,242,25.0,110,35.0
안산시, 350,경원여객안양차고지-함상전망대,4,평일,09시~10시,133,160,293,25.0,119,35.0
안산시, 350,경원여객안양차고지-함상전망대,4,평일,14시~15시,135,128,263,25.0,119,35.0
시흥시, 3300,능곡공영차고지-강남역.역삼세무서,4,평일,22시~23시,114,100,214,22.5,92,35.0
시흥시, 3301,능곡공영차고지-사당역(중),4,평일,08시~09시,75,89,164,22.5,52,35.0
광명시, 11-3,마린월드-KTX광명역1번출구,4,평일,11시~12시,47,29,76,37.5,63,35.0
시흥시, 31-9,포동차고지-부천소방서.부천대학사거리,4,평일,10시~11시,65,56,121,25.0,45,34.0
시흥시, 3400,한국산업기술대.시흥터미널-강남역.역삼세무서,4,평일,09시~10시,105,192,297,22.5,88,34.0
안산시, 35,경원여객안양차고지-중앙역앞,4,평일,22시~23시,14,9,23,180.0,92,34.0
부천시, 66,부인초교-용못내공원.옥길동종점,4,평일,23시~24시,168,194,362,12.0,74,34.0
안산시, 30,오이도차고지-광덕중학교,4,평일,05시~06시,120,86,206,22.5,99,34.0
시흥시, 70,배곧누리초.중흥S클래스-시흥푸르지오6차,4,평일,15시~16시,66,49,115,25.0,38,34.0
안산시, 99,오이도차고지-삼천리마을앞,4,평일,09시~10시,131,146,277,17.5,85,34.0
안산시, 5609,그랑시티자이214동앞-여의도환승센터(2번승강장),4,평일,08시~09시,108,245,353,27.5,108,34.0
시흥시, 3200,포동차고지-강남역.역삼세무서,4,평일,17시~18시,101,68,169,22.5,84,34.0
시흥시, 31,포동차고지-부천소방서.부천대학사거리,4,평일,15시~16시,132,117,249,12.5,44,34.0
시흥시, 13,포동차고지-은행초등학교,4,평일,08시~09시,82,92,174,20.0,28,34.0
안산시, 123,푸르지오6차후문-탄도,4,평일,21시~22시,116,137,253,25.0,110,33.0
시흥시, 13,포동차고지-은행초등학교,4,평일,18시~19시,79,63,142,20.0,28,33.0
시흥시, 99-2,배곧누리초.중흥S클래스-이마트,4,평일,06시~07시,137,105,242,11.5,25,33.0
안산시, 30,오이도차고지-광덕중학교,4,평일,14시~15시,116,120,236,22.5,99,33.0
안산시, 31-7,한라2차아파트입구-부천역차고지,4,평일,11시~12시,171,173,344,15.0,96,33.0
시흥시, 99-2,배곧누리초.중흥S클래스-이마트,4,평일,14시~15시,138,126,264,11.5,25,33.0
광명시, 39,매화초등학교-개봉역,4,평일,21시~22시,77,93,170,20.5,45,33.0
안산시, 123,푸르지오6차후문-탄도,4,평일,12시~13시,116,124,240,25.0,110,33.0
안산시, 38,부천역차고지-에이스아파트,4,평일,11시~12시,137,130,267,11.5,39,33.0
시흥시, 26-1,능곡공영차고지-한국산업기술대.시흥터미널,4,평일,16시~17시,79,66,145,20.0,51,33.0
안산시, 55,본오동종점-오이도차고지,4,평일,21시~22시,269,284,553,9.0,93,33.0
시흥시, 26-1,능곡공영차고지-한국산업기술대.시흥터미널,4,평일,07시~08시,80,54,134,20.0,51,33.0
시흥시, 21,오이도차고지-태영아파트,4,평일,21시~22시,113,145,258,25.0,107,33.0
시흥시, 20-1,정왕역환승센터-부곡중학교,4,평일,10시~11시,138,129,267,15.0,78,33.0
안산시, 98,오이도차고지-수변공원휴게소,4,평일,11시~12시,100,114,214,27.5,104,33.0
안산시, 350,경원여객안양차고지-함상전망대,4,평일,11시~12시,124,99,223,25.0,119,33.0
시흥시, 26,시흥우체국.센트럴병원-신천동,4,평일,20시~21시,70,98,168,35.0,96,32.0
안산시, 35,경원여객안양차고지-중앙역앞,4,평일,20시~21시,13,14,27,180.0,92,32.0
시흥시, 63,오이도차고지-은계초등학교.사랑스러운교회,4,평일,06시~07시,134,79,213,15.0,78,32.0
시흥시, 3300,능곡공영차고지-강남역.역삼세무서,4,평일,20시~21시,105,162,267,22.5,92,32.0
시흥시, 530,능곡공영차고지-여의도환승센터(1번승강장),4,평일,21시~22시,128,128,256,20.0,99,32.0
안산시, 123,푸르지오6차후문-탄도,4,평일,22시~23시,112,137,249,25.0,110,32.0
시흥시, 3300,능곡공영차고지-강남역.역삼세무서,4,평일,21시~22시,106,105,211,22.5,92,32.0
시흥시, 31-3,능곡공영차고지-부천소방서.부천대학사거리,4,평일,14시~15시,122,106,228,12.5,57,32.0
안산시, 31-7,한라2차아파트입구-부천역차고지,4,평일,21시~22시,163,159,322,15.0,96,32.0
안산시, 38,부천역차고지-에이스아파트,4,평일,14시~15시,135,148,283,11.5,39,32.0
시흥시, 3200,포동차고지-강남역.역삼세무서,4,평일,20시~21시,97,187,284,22.5,84,32.0
시흥시, 530,능곡공영차고지-여의도환승센터(1번승강장),4,평일,06시~07시,126,65,191,20.0,99,32.0
시흥시, 5200,시흥우체국.센트럴병원-신도림역,4,평일,17시~18시,118,78,196,20.0,92,32.0
시흥시, 3500,오이도차고지-서울대입구역,4,평일,21시~22시,74,68,142,20.0,52,31.0
안산시, 123,푸르지오6차후문-탄도,4,평일,10시~11시,110,118,228,25.0,110,31.0
시흥시, 16,은계아란트리-인천대공원역,4,평일,17시~18시,75,70,145,20.0,20,31.0
시흥시, 31-9,포동차고지-부천소방서.부천대학사거리,4,평일,14시~15시,60,53,113,25.0,45,31.0
시흥시, 3500,오이도차고지-서울대입구역,4,평일,08시~09시,75,127,202,20.0,52,31.0
광명시, 1(광명),거모동-개봉역,4,평일,05시~06시,319,194,513,8.5,108,31.0
안산시, 123,푸르지오6차후문-탄도,4,평일,11시~12시,109,107,216,25.0,110,31.0
시흥시, 31-9,포동차고지-부천소방서.부천대학사거리,4,평일,13시~14시,59,58,117,25.0,45,31.0
시흥시, 36,시흥시청후문.종합일자리센터-은계초등학교.사랑스러운교회,4,평일,08시~09시,49,65,114,30.0,51,31.0
시흥시, 3400,한국산업기술대.시흥터미널-강남역.역삼세무서,4,평일,12시~13시,96,72,168,22.5,88,31.0
광명시, 39,매화초등학교-개봉역,4,평일,22시~23시,73,67,140,20.5,45,31.0
안산시, 38,부천역차고지-에이스아파트,4,평일,06시~07시,130,104,234,11.5,39,31.0
안산시, 55,본오동종점-오이도차고지,4,평일,22시~23시,254,270,524,9.0,93,31.0
안산시, 30-2,오이도차고지-목감중심상업지구,4,평일,20시~21시,256,287,543,12.5,128,31.0
시흥시, 26-1,능곡공영차고지-한국산업기술대.시흥터미널,4,평일,15시~16시,74,70,144,20.0,51,31.0
시흥시, 31,포동차고지-부천소방서.부천대학사거리,4,평일,17시~18시,119,112,231,12.5,44,31.0
시흥시, 31,포동차고지-부천소방서.부천대학사거리,4,평일,16시~17시,120,115,235,12.5,44,31.0
안산시, 5609,그랑시티자이214동앞-여의도환승센터(2번승강장),4,평일,06시~07시,98,34,132,27.5,108,31.0
시흥시, 31,포동차고지-부천소방서.부천대학사거리,4,평일,13시~14시,118,100,218,12.5,44,31.0
안산시, 320,경원여객-여의도환승센터(1번승강장),4,평일,16시~17시,202,166,368,15.0,121,31.0
시흥시, 5200,시흥우체국.센트럴병원-신도림역,4,평일,08시~09시,113,172,285,20.0,92,31.0
안산시, 34,안산운전면허시험장-월곶동주민센터.월곶포구,4,평일,15시~16시,21,25,46,70.0,54,31.0
안산시, 320,경원여객-여의도환승센터(1번승강장),4,평일,19시~20시,201,238,439,15.0,121,31.0
안산시, 62,본오동종점-한라비발디1차,4,평일,05시~06시,333,248,581,8.0,108,31.0
시흥시, 28,정왕역환승센터-MTV웨이브파크서측,4,평일,08시~09시,50,70,120,30.0,44,31.0
안산시, 30,오이도차고지-광덕중학교,4,평일,20시~21시,108,101,209,22.5,99,31.0
시흥시, 70,배곧누리초.중흥S클래스-시흥푸르지오6차,4,평일,16시~17시,60,65,125,25.0,38,31.0
시흥시, 530,능곡공영차고지-여의도환승센터(1번승강장),4,평일,11시~12시,118,103,221,20.0,99,30.0
시흥시, 5604,목감호수품애.중흥S클래스-석수역(중),4,평일,20시~21시,130,175,305,11.0,27,30.0
안산시, 350,경원여객안양차고지-함상전망대,4,평일,20시~21시,114,146,260,25.0,119,30.0
안산시, 350,경원여객안양차고지-함상전망대,4,평일,21시~22시,113,109,222,25.0,119,30.0
시흥시, 3201,삼미시장-사당역3번출구,4,평일,08시~09시,64,132,196,22.5,51,30.0
시흥시, 31-3,능곡공영차고지-부천소방서.부천대학사거리,4,평일,22시~23시,115,96,211,12.5,57,30.0
안산시, 30,오이도차고지-광덕중학교,4,평일,06시~07시,106,92,198,22.5,99,30.0
시흥시, 99-2,배곧누리초.중흥S클래스-이마트,4,평일,13시~14시,124,123,247,11.5,25,30.0
시흥시, 70,배곧누리초.중흥S클래스-시흥푸르지오6차,4,평일,20시~21시,58,57,115,25.0,38,30.0
시흥시, 99-3,오이도역-MTV웨이브파크서측,4,평일,17시~18시,70,89,159,20.0,33,28.999999999999996
시흥시, 26,시흥우체국.센트럴병원-신천동,4,평일,09시~10시,63,77,140,35.0,96,28.999999999999996
광명시, 39,매화초등학교-개봉역,4,평일,13시~14시,67,63,130,20.5,45,28.999999999999996
안산시, 99,오이도차고지-삼천리마을앞,4,평일,11시~12시,112,111,223,17.5,85,28.999999999999996
안산시, 76,본오교회앞-동보아파트후문.군자교회,4,평일,20시~21시,22,23,45,90.0,86,28.999999999999996
안산시, 99,오이도차고지-삼천리마을앞,4,평일,06시~07시,111,81,192,17.5,85,28.999999999999996
안산시, 99,오이도차고지-삼천리마을앞,4,평일,12시~13시,111,98,209,17.5,85,28.999999999999996
시흥시, 97,푸르지오6차후문-능곡어울림센터.능곡중,4,평일,14시~15시,69,59,128,20.0,53,28.999999999999996
시흥시, 3500,오이도차고지-서울대입구역,4,평일,09시~10시,69,89,158,20.0,52,28.999999999999996
시흥시, 97,푸르지오6차후문-능곡어울림센터.능곡중,4,평일,19시~20시,69,77,146,20.0,53,28.999999999999996
시흥시, 5604,목감호수품애.중흥S클래스-석수역(중),4,평일,15시~16시,125,123,248,11.0,27,28.999999999999996
안산시, 50,안산해솔초등학교-KTX광명역1번출구,4,평일,13시~14시,25,34,59,60.0,65,28.999999999999996
시흥시, 26-1,능곡공영차고지-한국산업기술대.시흥터미널,4,평일,17시~18시,69,68,137,20.0,51,28.999999999999996
시흥시, 31,포동차고지-부천소방서.부천대학사거리,4,평일,21시~22시,110,115,225,12.5,44,28.999999999999996
시흥시, 5604,목감호수품애.중흥S클래스-석수역(중),4,평일,09시~10시,125,174,299,11.0,27,28.999999999999996
안산시, 30,오이도차고지-광덕중학교,4,평일,10시~11시,99,108,207,22.5,99,28.000000000000004
시흥시, 31-9,포동차고지-부천소방서.부천대학사거리,4,평일,22시~23시,54,64,118,25.0,45,28.000000000000004
안산시, 99,오이도차고지-삼천리마을앞,4,평일,10시~11시,110,114,224,17.5,85,28.000000000000004
시흥시, 97,푸르지오6차후문-능곡어울림센터.능곡중,4,평일,21시~22시,67,66,133,20.0,53,28.000000000000004
안산시, 320,경원여객-여의도환승센터(1번승강장),4,평일,20시~21시,180,171,351,15.0,121,28.000000000000004
시흥시, 97,푸르지오6차후문-능곡어울림센터.능곡중,4,평일,20시~21시,66,63,129,20.0,53,28.000000000000004
안산시, 31-7,한라2차아파트입구-부천역차고지,4,평일,22시~23시,142,174,316,15.0,96,28.000000000000004
시흥시, 21,오이도차고지-태영아파트,4,평일,11시~12시,96,122,218,25.0,107,28.000000000000004
안산시, 61,화진금속공업-부천터미널소풍,4,평일,05시~06시,268,161,429,10.0,120,28.000000000000004
안산시, 350,경원여객안양차고지-함상전망대,4,평일,10시~11시,105,103,208,25.0,119,28.000000000000004
안산시, 30,오이도차고지-광덕중학교,4,평일,19시~20시,100,143,243,22.5,99,28.000000000000004
안산시, 320,경원여객-여의도환승센터(1번승강장),4,평일,15시~16시,177,127,304,15.0,121,27.0
안산시, 30,오이도차고지-광덕중학교,4,평일,12시~13시,95,96,191,22.5,99,27.0
안산시, 35,경원여객안양차고지-중앙역앞,4,평일,09시~10시,11,6,17,180.0,92,27.0
시흥시, 3301,능곡공영차고지-사당역(중),4,평일,22시~23시,57,60,117,22.5,52,27.0
안산시, 99,오이도차고지-삼천리마을앞,4,평일,13시~14시,106,114,220,17.5,85,27.0
시흥시, 3301,능곡공영차고지-사당역(중),4,평일,21시~22시,58,47,105,22.5,52,27.0
안산시, 30-2,오이도차고지-목감중심상업지구,4,평일,21시~22시,224,227,451,12.5,128,27.0
안산시, 301,본오아파트앞-여의도환승센터(1번승강장),4,평일,07시~08시,177,126,303,15.0,121,27.0
안산시, 35,경원여객안양차고지-중앙역앞,4,평일,19시~20시,11,12,23,180.0,92,27.0
시흥시, 25,오이도차고지-정왕역환승센터,4,평일,14시~15시,26,30,56,50.0,32,27.0
시흥시, 530,능곡공영차고지-여의도환승센터(1번승강장),4,평일,13시~14시,105,98,203,20.0,99,27.0
안산시, 76,본오교회앞-동보아파트후문.군자교회,4,평일,11시~12시,21,32,53,90.0,86,27.0
안산시, 98,오이도차고지-수변공원휴게소,4,평일,22시~23시,82,91,173,27.5,104,27.0
안산시, 5609,그랑시티자이214동앞-여의도환승센터(2번승강장),4,평일,17시~18시,84,51,135,27.5,108,27.0
시흥시, 13,포동차고지-은행초등학교,4,평일,07시~08시,64,54,118,20.0,28,27.0
광명시, 11,광명돔경륜장.광남문-안양역,4,평일,22시~23시,43,59,102,32.5,65,27.0
시흥시, 99-2,배곧누리초.중흥S클래스-이마트,4,평일,10시~11시,112,116,228,11.5,25,27.0
안산시, 61,화진금속공업-부천터미널소풍,4,평일,21시~22시,258,301,559,10.0,120,27.0
안산시, 55,본오동종점-오이도차고지,4,평일,05시~06시,222,178,400,9.0,93,27.0
시흥시, 31,포동차고지-부천소방서.부천대학사거리,4,평일,22시~23시,105,103,208,12.5,44,27.0
시흥시, 70,배곧누리초.중흥S클래스-시흥푸르지오6차,4,평일,21시~22시,49,48,97,25.0,38,26.0
시흥시, 26,시흥우체국.센트럴병원-신천동,4,평일,21시~22시,56,57,113,35.0,96,26.0
시흥시, 3400,한국산업기술대.시흥터미널-강남역.역삼세무서,4,평일,13시~14시,81,91,172,22.5,88,26.0
시흥시, 3200,포동차고지-강남역.역삼세무서,4,평일,16시~17시,79,71,150,22.5,84,26.0
시흥시, 16,은계아란트리-인천대공원역,4,평일,06시~07시,63,62,125,20.0,20,26.0
시흥시, 26-1,능곡공영차고지-한국산업기술대.시흥터미널,4,평일,20시~21시,62,58,120,20.0,51,26.0
안산시, 61,화진금속공업-부천터미널소풍,4,평일,22시~23시,248,279,527,10.0,120,26.0
시흥시, 3301,능곡공영차고지-사당역(중),4,평일,17시~18시,55,31,86,22.5,52,26.0
안산시, 99,오이도차고지-삼천리마을앞,4,평일,14시~15시,101,98,199,17.5,85,26.0
안산시, 34,안산운전면허시험장-월곶동주민센터.월곶포구,4,평일,09시~10시,18,9,27,70.0,54,26.0
시흥시, 3500,오이도차고지-서울대입구역,4,평일,22시~23시,62,49,111,20.0,52,26.0
안산시, 320,경원여객-여의도환승센터(1번승강장),4,평일,21시~22시,168,197,365,15.0,121,26.0
안산시, 20,경원여객-시흥시청후문.종합일자리센터,4,평일,22시~23시,18,18,36,70.0,40,26.0
시흥시, 97,푸르지오6차후문-능곡어울림센터.능곡중,4,평일,13시~14시,61,65,126,20.0,53,25.0
시흥시, 70,배곧누리초.중흥S클래스-시흥푸르지오6차,4,평일,09시~10시,48,53,101,25.0,38,25.0
시흥시, 16,은계아란트리-인천대공원역,4,평일,09시~10시,61,69,130,20.0,20,25.0
시흥시, 26-1,능곡공영차고지-한국산업기술대.시흥터미널,4,평일,19시~20시,59,62,121,20.0,51,25.0
시흥시, 21,오이도차고지-태영아파트,4,평일,13시~14시,84,109,193,25.0,107,25.0
광명시, 11-3,마린월드-KTX광명역1번출구,4,평일,10시~11시,33,37,70,37.5,63,25.0
시흥시, 5200,시흥우체국.센트럴병원-신도림역,4,평일,22시~23시,93,77,170,20.0,92,25.0
시흥시, 530,능곡공영차고지-여의도환승센터(1번승강장),4,평일,14시~15시,100,93,193,20.0,99,25.0
안산시, 320,경원여객-여의도환승센터(1번승강장),4,평일,09시~10시,164,185,349,15.0,121,25.0
시흥시, 3201,삼미시장-사당역3번출구,4,평일,18시~19시,54,47,101,22.5,51,25.0
안산시, 76,본오교회앞-동보아파트후문.군자교회,4,평일,16시~17시,19,19,38,90.0,86,25.0
시흥시, 3400,한국산업기술대.시흥터미널-강남역.역삼세무서,4,평일,11시~12시,79,80,159,22.5,88,25.0
광명시, 39,매화초등학교-개봉역,4,평일,05시~06시,58,27,85,20.5,45,25.0
안산시, 20,경원여객-시흥시청후문.종합일자리센터,4,평일,07시~08시,17,36,53,70.0,40,25.0
시흥시, 31-3,능곡공영차고지-부천소방서.부천대학사거리,4,평일,12시~13시,93,94,187,12.5,57,24.0
시흥시, 26,시흥우체국.센트럴병원-신천동,4,평일,12시~13시,52,37,89,35.0,96,24.0
시흥시, 31,포동차고지-부천소방서.부천대학사거리,4,평일,20시~21시,94,90,184,12.5,44,24.0
안산시, 30-2,오이도차고지-목감중심상업지구,4,평일,22시~23시,198,214,412,12.5,128,24.0
광명시, 1(광명),거모동-개봉역,4,평일,23시~24시,246,321,567,8.5,108,24.0
시흥시, 3201,삼미시장-사당역3번출구,4,평일,17시~18시,51,24,75,22.5,51,24.0
시흥시, 3300,능곡공영차고지-강남역.역삼세무서,4,평일,12시~13시,80,66,146,22.5,92,24.0
시흥시, 25,오이도차고지-정왕역환승센터,4,평일,20시~21시,23,35,58,50.0,32,24.0
안산시, 35,경원여객안양차고지-중앙역앞,4,평일,06시~07시,10,7,17,180.0,92,24.0
시흥시, 3201,삼미시장-사당역3번출구,4,평일,21시~22시,51,39,90,22.5,51,24.0
광명시, 11-3,마린월드-KTX광명역1번출구,4,평일,05시~06시,32,25,57,37.5,63,24.0
안산시, 5609,그랑시티자이214동앞-여의도환승센터(2번승강장),4,평일,19시~20시,74,118,192,27.5,108,24.0
시흥시, 63,오이도차고지-은계초등학교.사랑스러운교회,4,평일,23시~24시,99,123,222,15.0,78,24.0
안산시, 35,경원여객안양차고지-중앙역앞,4,평일,10시~11시,10,12,22,180.0,92,24.0
시흥시, 99-3,오이도역-MTV웨이브파크서측,4,평일,19시~20시,57,58,115,20.0,33,24.0
시흥시, 31-9,포동차고지-부천소방서.부천대학사거리,4,평일,11시~12시,47,56,103,25.0,45,24.0
시흥시, 530,능곡공영차고지-여의도환승센터(1번승강장),4,평일,22시~23시,95,115,210,20.0,99,24.0
시흥시, 31-3,능곡공영차고지-부천소방서.부천대학사거리,4,평일,15시~16시,94,78,172,12.5,57,24.0
시흥시, 31,포동차고지-부천소방서.부천대학사거리,4,평일,12시~13시,92,98,190,12.5,44,24.0
시흥시, 99-2,배곧누리초.중흥S클래스-이마트,4,평일,15시~16시,101,96,197,11.5,25,24.0
안산시, 50,안산해솔초등학교-KTX광명역1번출구,4,평일,06시~07시,21,19,40,60.0,65,24.0
안산시, 99,오이도차고지-삼천리마을앞,4,평일,21시~22시,93,83,176,17.5,85,24.0
시흥시, 97,푸르지오6차후문-능곡어울림센터.능곡중,4,평일,11시~12시,57,55,112,20.0,53,24.0
시흥시, 60,한라비발디1차-신세계프리미엄아울렛,4,평일,08시~09시,87,77,164,12.5,23,23.0
시흥시, 99-2,배곧누리초.중흥S클래스-이마트,4,평일,12시~13시,96,102,198,11.5,25,23.0
시흥시, 31,포동차고지-부천소방서.부천대학사거리,4,평일,09시~10시,88,117,205,12.5,44,23.0
시흥시, 530,능곡공영차고지-여의도환승센터(1번승강장),4,평일,12시~13시,93,108,201,20.0,99,23.0
시흥시, 3400,한국산업기술대.시흥터미널-강남역.역삼세무서,4,평일,10시~11시,73,94,167,22.5,88,23.0
안산시, 31-7,한라2차아파트입구-부천역차고지,4,평일,05시~06시,118,103,221,15.0,96,23.0
시흥시, 31-9,포동차고지-부천소방서.부천대학사거리,4,평일,12시~13시,45,42,87,25.0,45,23.0
부천시, G8808,송내역남부(광역버스)-KTX광명역5번출구,4,평일,18시~19시,36,30,66,30.0,31,23.0
시흥시, 5604,목감호수품애.중흥S클래스-석수역(중),4,평일,21시~22시,100,128,228,11.0,27,23.0
시흥시, 97,푸르지오6차후문-능곡어울림센터.능곡중,4,평일,06시~07시,55,41,96,20.0,53,23.0
시흥시, 99-3,오이도역-MTV웨이브파크서측,4,평일,15시~16시,55,54,109,20.0,33,23.0
시흥시, 31-3,능곡공영차고지-부천소방서.부천대학사거리,4,평일,13시~14시,89,89,178,12.5,57,23.0
시흥시, 16,은계아란트리-인천대공원역,4,평일,16시~17시,54,54,108,20.0,20,23.0
시흥시, 3200,포동차고지-강남역.역삼세무서,4,평일,09시~10시,69,150,219,22.5,84,23.0
시흥시, 3200,포동차고지-강남역.역삼세무서,4,평일,11시~12시,68,53,121,22.5,84,23.0
시흥시, 36,시흥시청후문.종합일자리센터-은계초등학교.사랑스러운교회,4,평일,18시~19시,37,40,77,30.0,51,23.0
시흥시, 3300,능곡공영차고지-강남역.역삼세무서,4,평일,09시~10시,75,168,243,22.5,92,23.0
시흥시, 5604,목감호수품애.중흥S클래스-석수역(중),4,평일,22시~23시,97,74,171,11.0,27,22.0
시흥시, 13,포동차고지-은행초등학교,4,평일,17시~18시,53,51,104,20.0,28,22.0
시흥시, 16,은계아란트리-인천대공원역,4,평일,20시~21시,53,79,132,20.0,20,22.0
시흥시, 26,시흥우체국.센트럴병원-신천동,4,평일,16시~17시,48,44,92,35.0,96,22.0
시흥시, 20-1,정왕역환승센터-부곡중학교,4,평일,22시~23시,92,121,213,15.0,78,22.0
시흥시, 16,은계아란트리-인천대공원역,4,평일,15시~16시,53,51,104,20.0,20,22.0
시흥시, 31,포동차고지-부천소방서.부천대학사거리,4,평일,06시~07시,86,64,150,12.5,44,22.0
시흥시, 99-3,오이도역-MTV웨이브파크서측,4,평일,20시~21시,53,53,106,20.0,33,22.0
안산시, 35,경원여객안양차고지-중앙역앞,4,평일,11시~12시,9,12,21,180.0,92,22.0
시흥시, 16,은계아란트리-인천대공원역,4,평일,13시~14시,52,50,102,20.0,20,22.0
시흥시, 3500,오이도차고지-서울대입구역,4,평일,16시~17시,53,39,92,20.0,52,22.0
시흥시, 5604,목감호수품애.중흥S클래스-석수역(중),4,평일,16시~17시,94,89,183,11.0,27,22.0
시흥시, 97,푸르지오6차후문-능곡어울림센터.능곡중,4,평일,10시~11시,52,56,108,20.0,53,22.0
시흥시, 99-3,오이도역-MTV웨이브파크서측,4,평일,18시~19시,53,51,104,20.0,33,22.0
시흥시, 3400,한국산업기술대.시흥터미널-강남역.역삼세무서,4,평일,15시~16시,68,97,165,22.5,88,22.0
시흥시, 5200,시흥우체국.센트럴병원-신도림역,4,평일,19시~20시,81,137,218,20.0,92,22.0
시흥시, 29,정왕역환승센터-MTV웨이브파크서측,4,평일,16시~17시,33,20,53,30.0,42,21.0
시흥시, 20-1,정왕역환승센터-부곡중학교,4,평일,05시~06시,88,67,155,15.0,78,21.0
안산시, 320,경원여객-여의도환승센터(1번승강장),4,평일,22시~23시,133,152,285,15.0,121,21.0
안산시, 320,경원여객-여의도환승센터(1번승강장),4,평일,12시~13시,133,141,274,15.0,121,21.0
시흥시, 31,포동차고지-부천소방서.부천대학사거리,4,평일,11시~12시,82,83,165,12.5,44,21.0
안산시, 320,경원여객-여의도환승센터(1번승강장),4,평일,11시~12시,137,117,254,15.0,121,21.0
시흥시, 70,배곧누리초.중흥S클래스-시흥푸르지오6차,4,평일,06시~07시,40,32,72,25.0,38,21.0
시흥시, 99-3,오이도역-MTV웨이브파크서측,4,평일,14시~15시,50,40,90,20.0,33,21.0
시흥시, 5200,시흥우체국.센트럴병원-신도림역,4,평일,20시~21시,77,88,165,20.0,92,21.0
시흥시, 31-3,능곡공영차고지-부천소방서.부천대학사거리,4,평일,10시~11시,80,101,181,12.5,57,21.0
안산시, 30-2,오이도차고지-목감중심상업지구,4,평일,05시~06시,175,116,291,12.5,128,21.0
시흥시, 3200,포동차고지-강남역.역삼세무서,4,평일,13시~14시,63,52,115,22.5,84,21.0
광명시, 2(광명),스타필드시티부천-안양역,4,평일,23시~24시,192,225,417,8.0,90,21.0
시흥시, 530,능곡공영차고지-여의도환승센터(1번승강장),4,평일,10시~11시,82,111,193,20.0,99,21.0
광명시, 11,광명돔경륜장.광남문-안양역,4,평일,23시~24시,33,30,63,32.5,65,21.0
안산시, 301,본오아파트앞-여의도환승센터(1번승강장),4,평일,17시~18시,137,126,263,15.0,121,21.0
시흥시, 31-3,능곡공영차고지-부천소방서.부천대학사거리,4,평일,11시~12시,80,73,153,12.5,57,21.0
시흥시, 5200,시흥우체국.센트럴병원-신도림역,4,평일,06시~07시,79,22,101,20.0,92,21.0
부천시, 23-2,소사공영차고지-라일락마을어린이공원,4,평일,23시~24시,129,171,300,8.5,69,20.0
시흥시, 3201,삼미시장-사당역3번출구,4,평일,22시~23시,42,44,86,22.5,51,20.0
시흥시, 13,포동차고지-은행초등학교,4,평일,19시~20시,47,62,109,20.0,28,20.0
시흥시, 31-3,능곡공영차고지-부천소방서.부천대학사거리,4,평일,06시~07시,78,53,131,12.5,57,20.0
시흥시, 12,삼미시장-김포공항국내선(9번홈),4,평일,23시~24시,73,101,174,15.0,67,20.0
시흥시, 3500,오이도차고지-서울대입구역,4,평일,20시~21시,47,92,139,20.0,52,20.0
시흥시, 16,은계아란트리-인천대공원역,4,평일,12시~13시,49,38,87,20.0,20,20.0
시흥시, 3200,포동차고지-강남역.역삼세무서,4,평일,15시~16시,61,48,109,22.5,84,20.0
안산시, 35,경원여객안양차고지-중앙역앞,4,평일,15시~16시,8,0,8,180.0,92,20.0
시흥시, 70,배곧누리초.중흥S클래스-시흥푸르지오6차,4,평일,10시~11시,39,42,81,25.0,38,20.0
안산시, 99,오이도차고지-삼천리마을앞,4,평일,20시~21시,76,84,160,17.5,85,20.0
시흥시, 5602,이마트-구로디지털단지역환승센터(1번승강장),4,평일,23시~24시,125,202,327,11.5,92,20.0
시흥시, 15,시흥대야역-신천동,4,평일,19시~20시,47,46,93,20.0,19,20.0
시흥시, 15,시흥대야역-신천동,4,평일,18시~19시,47,45,92,20.0,19,20.0
안산시, 76,본오교회앞-동보아파트후문.군자교회,4,평일,06시~07시,15,18,33,90.0,86,20.0
안산시, 20,경원여객-시흥시청후문.종합일자리센터,4,평일,09시~10시,14,19,33,70.0,40,20.0
시흥시, 26-1,능곡공영차고지-한국산업기술대.시흥터미널,4,평일,21시~22시,48,58,106,20.0,51,20.0
시흥시, 26-1,능곡공영차고지-한국산업기술대.시흥터미널,4,평일,14시~15시,49,47,96,20.0,51,20.0
시흥시, 32,경원여객안양차고지-풍림2단지.소래포구입구,4,평일,23시~24시,53,75,128,25.0,86,19.0
시흥시, 26,시흥우체국.센트럴병원-신천동,4,평일,15시~16시,41,44,85,35.0,96,19.0
시흥시, 26,시흥우체국.센트럴병원-신천동,4,평일,10시~11시,42,49,91,35.0,96,19.0
안산시, 350,경원여객안양차고지-함상전망대,4,평일,05시~06시,72,32,104,25.0,119,19.0
시흥시, 29,정왕역환승센터-MTV웨이브파크서측,4,평일,19시~20시,31,30,61,30.0,42,19.0
시흥시, 29,정왕역환승센터-MTV웨이브파크서측,4,평일,20시~21시,31,28,59,30.0,42,19.0
시흥시, 3201,삼미시장-사당역3번출구,4,평일,09시~10시,40,70,110,22.5,51,19.0
안산시, 62,본오동종점-한라비발디1차,4,평일,23시~24시,208,300,508,8.0,108,19.0
시흥시, 3500,오이도차고지-서울대입구역,4,평일,12시~13시,45,41,86,20.0,52,19.0
시흥시, 5200,시흥우체국.센트럴병원-신도림역,4,평일,16시~17시,70,54,124,20.0,92,19.0
시흥시, 3400,한국산업기술대.시흥터미널-강남역.역삼세무서,4,평일,23시~24시,61,124,185,22.5,88,19.0
시흥시, 5200,시흥우체국.센트럴병원-신도림역,4,평일,13시~14시,70,70,140,20.0,92,19.0
시흥시, 5200,시흥우체국.센트럴병원-신도림역,4,평일,21시~22시,70,74,144,20.0,92,19.0
시흥시, 3300,능곡공영차고지-강남역.역삼세무서,4,평일,16시~17시,63,57,120,22.5,92,19.0
안산시, 20,경원여객-시흥시청후문.종합일자리센터,4,평일,13시~14시,13,12,25,70.0,40,19.0
시흥시, 3300,능곡공영차고지-강남역.역삼세무서,4,평일,14시~15시,63,57,120,22.5,92,19.0
시흥시, 99-3,오이도역-MTV웨이브파크서측,4,평일,09시~10시,46,47,93,20.0,33,19.0
시흥시, 12,삼미시장-김포공항국내선(9번홈),4,평일,05시~06시,66,76,142,15.0,67,18.0
시흥시, 26-1,능곡공영차고지-한국산업기술대.시흥터미널,4,평일,12시~13시,43,40,83,20.0,51,18.0
안산시, 301,본오아파트앞-여의도환승센터(1번승강장),4,평일,18시~19시,116,122,238,15.0,121,18.0
시흥시, 16,은계아란트리-인천대공원역,4,평일,10시~11시,44,43,87,20.0,20,18.0
시흥시, 3200,포동차고지-강남역.역삼세무서,4,평일,10시~11시,55,63,118,22.5,84,18.0
안산시, 30,오이도차고지-광덕중학교,4,평일,21시~22시,65,74,139,22.5,99,18.0
시흥시, 99-2,배곧누리초.중흥S클래스-이마트,4,평일,11시~12시,77,72,149,11.5,25,18.0
시흥시, 5604,목감호수품애.중흥S클래스-석수역(중),4,평일,14시~15시,77,65,142,11.0,27,18.0
시흥시, 5604,목감호수품애.중흥S클래스-석수역(중),4,평일,12시~13시,79,75,154,11.0,27,18.0
안산시, 320,경원여객-여의도환승센터(1번승강장),4,평일,13시~14시,119,116,235,15.0,121,18.0
안산시, 320,경원여객-여의도환승센터(1번승강장),4,평일,05시~06시,109,84,193,15.0,121,17.0
시흥시, 31,포동차고지-부천소방서.부천대학사거리,4,평일,14시~15시,66,81,147,12.5,44,17.0
안산시, 123,푸르지오6차후문-탄도,4,평일,05시~06시,60,17,77,25.0,110,17.0
안산시, 301,본오아파트앞-여의도환승센터(1번승강장),4,평일,19시~20시,111,97,208,15.0,121,17.0
시흥시, 21,오이도차고지-태영아파트,4,평일,22시~23시,59,70,129,25.0,107,17.0
시흥시, 3200,포동차고지-강남역.역삼세무서,4,평일,14시~15시,51,62,113,22.5,84,17.0
시흥시, 5200,시흥우체국.센트럴병원-신도림역,4,평일,12시~13시,63,49,112,20.0,92,17.0
안산시, 35,경원여객안양차고지-중앙역앞,4,평일,08시~09시,7,22,29,180.0,92,17.0
시흥시, 23,월곶역-본오동차고지,4,평일,23시~24시,109,137,246,12.5,99,17.0
시흥시, 70,배곧누리초.중흥S클래스-시흥푸르지오6차,4,평일,11시~12시,32,30,62,25.0,38,17.0
시흥시, 29,정왕역환승센터-MTV웨이브파크서측,4,평일,09시~10시,27,42,69,30.0,42,17.0
안산시, 34,안산운전면허시험장-월곶동주민센터.월곶포구,4,평일,14시~15시,12,16,28,70.0,54,17.0
시흥시, 31,포동차고지-부천소방서.부천대학사거리,4,평일,10시~11시,64,57,121,12.5,44,17.0
시흥시, 26-1,능곡공영차고지-한국산업기술대.시흥터미널,4,평일,13시~14시,41,41,82,20.0,51,17.0
시흥시, 16,은계아란트리-인천대공원역,4,평일,14시~15시,42,41,83,20.0,20,17.0
안산시, 320,경원여객-여의도환승센터(1번승강장),4,평일,10시~11시,107,130,237,15.0,121,17.0
안산시, 35,경원여객안양차고지-중앙역앞,4,평일,16시~17시,7,11,18,180.0,92,17.0
시흥시, 70,배곧누리초.중흥S클래스-시흥푸르지오6차,4,평일,12시~13시,33,39,72,25.0,38,17.0
시흥시, 15,시흥대야역-신천동,4,평일,08시~09시,40,38,78,20.0,19,17.0
시흥시, 3301,능곡공영차고지-사당역(중),4,평일,11시~12시,34,27,61,22.5,52,16.0
시흥시, 32,경원여객안양차고지-풍림2단지.소래포구입구,4,평일,05시~06시,43,25,68,25.0,86,16.0
시흥시, 5200,시흥우체국.센트럴병원-신도림역,4,평일,09시~10시,60,103,163,20.0,92,16.0
시흥시, 97,푸르지오6차후문-능곡어울림센터.능곡중,4,평일,12시~13시,39,40,79,20.0,53,16.0
시흥시, 3301,능곡공영차고지-사당역(중),4,평일,16시~17시,35,32,67,22.5,52,16.0
시흥시, 3301,능곡공영차고지-사당역(중),4,평일,20시~21시,35,72,107,22.5,52,16.0
안산시, 20,경원여객-시흥시청후문.종합일자리센터,4,평일,12시~13시,11,11,22,70.0,40,16.0
시흥시, 3200,포동차고지-강남역.역삼세무서,4,평일,12시~13시,49,60,109,22.5,84,16.0
시흥시, 16,은계아란트리-인천대공원역,4,평일,21시~22시,38,39,77,20.0,20,16.0
시흥시, 26-1,능곡공영차고지-한국산업기술대.시흥터미널,4,평일,10시~11시,39,34,73,20.0,51,16.0
시흥시, 26-1,능곡공영차고지-한국산업기술대.시흥터미널,4,평일,06시~07시,38,26,64,20.0,51,16.0
안산시, 38,부천역차고지-에이스아파트,4,평일,05시~06시,65,35,100,11.5,39,16.0
시흥시, 25,오이도차고지-정왕역환승센터,4,평일,15시~16시,15,14,29,50.0,32,16.0
시흥시, 26,시흥우체국.센트럴병원-신천동,4,평일,14시~15시,35,35,70,35.0,96,16.0
시흥시, 13,포동차고지-은행초등학교,4,평일,15시~16시,38,34,72,20.0,28,16.0
시흥시, 3300,능곡공영차고지-강남역.역삼세무서,4,평일,10시~11시,53,61,114,22.5,92,16.0
안산시, 320,경원여객-여의도환승센터(1번승강장),4,평일,14시~15시,103,116,219,15.0,121,16.0
시흥시, 3300,능곡공영차고지-강남역.역삼세무서,4,평일,11시~12시,53,50,103,22.5,92,16.0
시흥시, 29,정왕역환승센터-MTV웨이브파크서측,4,평일,15시~16시,26,29,55,30.0,42,16.0
안산시, 31-7,한라2차아파트입구-부천역차고지,4,평일,23시~24시,83,88,171,15.0,96,16.0
시흥시, 3300,능곡공영차고지-강남역.역삼세무서,4,평일,15시~16시,52,53,105,22.5,92,16.0
안산시, 301,본오아파트앞-여의도환승센터(1번승강장),4,평일,06시~07시,103,61,164,15.0,121,16.0
시흥시, 3300,능곡공영차고지-강남역.역삼세무서,4,평일,23시~24시,52,113,165,22.5,92,16.0
시흥시, 13,포동차고지-은행초등학교,4,평일,13시~14시,39,41,80,20.0,28,16.0
시흥시, 29,정왕역환승센터-MTV웨이브파크서측,4,평일,21시~22시,25,33,58,30.0,42,16.0
안산시, 98,오이도차고지-수변공원휴게소,4,평일,05시~06시,48,27,75,27.5,104,16.0
안산시, 5609,그랑시티자이214동앞-여의도환승센터(2번승강장),4,평일,22시~23시,49,52,101,27.5,108,16.0
안산시, 5609,그랑시티자이214동앞-여의도환승센터(2번승강장),4,평일,20시~21시,51,82,133,27.5,108,16.0
시흥시, 3500,오이도차고지-서울대입구역,4,평일,11시~12시,38,34,72,20.0,52,16.0
시흥시, 15,시흥대야역-신천동,4,평일,07시~08시,38,38,76,20.0,19,16.0
시흥시, 26,시흥우체국.센트럴병원-신천동,4,평일,13시~14시,35,39,74,35.0,96,16.0
시흥시, 3200,포동차고지-강남역.역삼세무서,4,평일,23시~24시,48,112,160,22.5,84,16.0
안산시, 301,본오아파트앞-여의도환승센터(1번승강장),4,평일,16시~17시,103,85,188,15.0,121,16.0
시흥시, 5200,시흥우체국.센트럴병원-신도림역,4,평일,23시~24시,54,86,140,20.0,92,15.0
시흥시, 99-2,배곧누리초.중흥S클래스-이마트,4,평일,23시~24시,61,77,138,11.5,25,15.0
시흥시, 7,시흥푸르지오6차-정왕역환승센터,4,평일,07시~08시,40,41,81,17.5,4,15.0
시흥시, 26-1,능곡공영차고지-한국산업기술대.시흥터미널,4,평일,22시~23시,37,44,81,20.0,51,15.0
시흥시, 5604,목감호수품애.중흥S클래스-석수역(중),4,평일,13시~14시,67,69,136,11.0,27,15.0
시흥시, 5604,목감호수품애.중흥S클래스-석수역(중),4,평일,11시~12시,66,69,135,11.0,27,15.0
시흥시, 3500,오이도차고지-서울대입구역,4,평일,14시~15시,36,28,64,20.0,52,15.0
시흥시, 28,정왕역환승센터-MTV웨이브파크서측,4,평일,19시~20시,24,27,51,30.0,44,15.0
시흥시, 36,시흥시청후문.종합일자리센터-은계초등학교.사랑스러운교회,4,평일,15시~16시,24,18,42,30.0,51,15.0
부천시, 23-2,소사공영차고지-라일락마을어린이공원,4,평일,05시~06시,100,73,173,8.5,69,15.0
시흥시, 3201,삼미시장-사당역3번출구,4,평일,20시~21시,33,101,134,22.5,51,15.0
시흥시, 3300,능곡공영차고지-강남역.역삼세무서,4,평일,13시~14시,50,62,112,22.5,92,15.0
안산시, 34,안산운전면허시험장-월곶동주민센터.월곶포구,4,평일,11시~12시,10,5,15,70.0,54,15.0
안산시, 20,경원여객-시흥시청후문.종합일자리센터,4,평일,11시~12시,10,10,20,70.0,40,15.0
시흥시, 25,오이도차고지-정왕역환승센터,4,평일,12시~13시,14,19,33,50.0,32,15.0
안산시, 350,경원여객안양차고지-함상전망대,4,평일,22시~23시,58,82,140,25.0,119,15.0
시흥시, 25,오이도차고지-정왕역환승센터,4,평일,13시~14시,14,8,22,50.0,32,15.0
시흥시, 25,오이도차고지-정왕역환승센터,4,평일,16시~17시,13,12,25,50.0,32,14.000000000000002
시흥시, 28,정왕역환승센터-MTV웨이브파크서측,4,평일,09시~10시,22,26,48,30.0,44,14.000000000000002
시흥시, 99-3,오이도역-MTV웨이브파크서측,4,평일,10시~11시,33,39,72,20.0,33,14.000000000000002
시흥시, 99-3,오이도역-MTV웨이브파크서측,4,평일,11시~12시,33,24,57,20.0,33,14.000000000000002
시흥시, 70,배곧누리초.중흥S클래스-시흥푸르지오6차,4,평일,22시~23시,26,45,71,25.0,38,14.000000000000002
시흥시, 21,오이도차고지-태영아파트,4,평일,05시~06시,47,11,58,25.0,107,14.000000000000002
안양시, 81,목감호수품애.중흥S클래스-안양역,4,평일,05시~06시,50,15,65,13.0,39,14.000000000000002
시흥시, 31-9,포동차고지-부천소방서.부천대학사거리,4,평일,23시~24시,27,30,57,25.0,45,14.000000000000002
시흥시, 36,시흥시청후문.종합일자리센터-은계초등학교.사랑스러운교회,4,평일,13시~14시,22,18,40,30.0,51,14.000000000000002
시흥시, 5604,목감호수품애.중흥S클래스-석수역(중),4,평일,10시~11시,59,79,138,11.0,27,14.000000000000002
시흥시, 70,배곧누리초.중흥S클래스-시흥푸르지오6차,4,평일,13시~14시,27,27,54,25.0,38,14.000000000000002
광명시, 11-3,마린월드-KTX광명역1번출구,4,평일,23시~24시,19,23,42,37.5,63,14.000000000000002
시흥시, 3301,능곡공영차고지-사당역(중),4,평일,09시~10시,30,85,115,22.5,52,14.000000000000002
안산시, 30,오이도차고지-광덕중학교,4,평일,22시~23시,51,54,105,22.5,99,14.000000000000002
안산시, 301,본오아파트앞-여의도환승센터(1번승강장),4,평일,08시~09시,85,170,255,15.0,121,13.0
부천시, G8808,송내역남부(광역버스)-KTX광명역5번출구,4,평일,17시~18시,21,17,38,30.0,31,13.0
시흥시, 3301,능곡공영차고지-사당역(중),4,평일,13시~14시,27,14,41,22.5,52,13.0
시흥시, 13,포동차고지-은행초등학교,4,평일,09시~10시,32,34,66,20.0,28,13.0
시흥시, 13,포동차고지-은행초등학교,4,평일,16시~17시,31,34,65,20.0,28,13.0
안산시, 5609,그랑시티자이214동앞-여의도환승센터(2번승강장),4,평일,21시~22시,41,54,95,27.5,108,13.0
시흥시, 97,푸르지오6차후문-능곡어울림센터.능곡중,4,평일,22시~23시,32,40,72,20.0,53,13.0
시흥시, 3301,능곡공영차고지-사당역(중),4,평일,23시~24시,27,51,78,22.5,52,13.0
시흥시, 28,정왕역환승센터-MTV웨이브파크서측,4,평일,16시~17시,21,20,41,30.0,44,13.0
시흥시, 36,시흥시청후문.종합일자리센터-은계초등학교.사랑스러운교회,4,평일,12시~13시,21,19,40,30.0,51,13.0
안산시, 5609,그랑시티자이214동앞-여의도환승센터(2번승강장),4,평일,13시~14시,37,36,73,27.5,108,12.0
시흥시, 26-1,능곡공영차고지-한국산업기술대.시흥터미널,4,평일,09시~10시,30,44,74,20.0,51,12.0
부천시, G8808,송내역남부(광역버스)-KTX광명역5번출구,4,평일,19시~20시,19,26,45,30.0,31,12.0
시흥시, 3500,오이도차고지-서울대입구역,4,평일,15시~16시,28,41,69,20.0,52,12.0
시흥시, 25,오이도차고지-정왕역환승센터,4,평일,11시~12시,12,7,19,50.0,32,12.0
부천시, G8808,송내역남부(광역버스)-KTX광명역5번출구,4,평일,09시~10시,19,15,34,30.0,31,12.0
안산시, 301,본오아파트앞-여의도환승센터(1번승강장),4,평일,09시~10시,77,62,139,15.0,121,12.0
시흥시, 3500,오이도차고지-서울대입구역,4,평일,13시~14시,29,36,65,20.0,52,12.0
안산시, 320,경원여객-여의도환승센터(1번승강장),4,평일,23시~24시,78,108,186,15.0,121,12.0
광명시, 2(광명),스타필드시티부천-안양역,4,평일,05시~06시,108,59,167,8.0,90,12.0
안산시, 5609,그랑시티자이214동앞-여의도환승센터(2번승강장),4,평일,16시~17시,38,28,66,27.5,108,12.0
안산시, 301,본오아파트앞-여의도환승센터(1번승강장),4,평일,15시~16시,80,50,130,15.0,121,12.0
안산시, 301,본오아파트앞-여의도환승센터(1번승강장),4,평일,20시~21시,76,125,201,15.0,121,12.0
안산시, 35,경원여객안양차고지-중앙역앞,4,평일,18시~19시,5,7,12,180.0,92,12.0
시흥시, 13,포동차고지-은행초등학교,4,평일,20시~21시,30,29,59,20.0,28,12.0
안산시, 35,경원여객안양차고지-중앙역앞,4,평일,21시~22시,5,0,5,180.0,92,12.0
시흥시, 13,포동차고지-은행초등학교,4,평일,10시~11시,28,27,55,20.0,28,12.0
시흥시, 70,배곧누리초.중흥S클래스-시흥푸르지오6차,4,평일,14시~15시,24,22,46,25.0,38,12.0
시흥시, 99-3,오이도역-MTV웨이브파크서측,4,평일,12시~13시,28,37,65,20.0,33,12.0
시흥시, 5200,시흥우체국.센트럴병원-신도림역,4,평일,10시~11시,43,58,101,20.0,92,12.0
시흥시, 29,정왕역환승센터-MTV웨이브파크서측,4,평일,10시~11시,20,19,39,30.0,42,12.0
부천시, G8808,송내역남부(광역버스)-KTX광명역5번출구,4,평일,07시~08시,20,14,34,30.0,31,12.0
시흥시, 29,정왕역환승센터-MTV웨이브파크서측,4,평일,11시~12시,19,15,34,30.0,42,12.0
시흥시, 36,시흥시청후문.종합일자리센터-은계초등학교.사랑스러운교회,4,평일,17시~18시,19,19,38,30.0,51,12.0
시흥시, 28,정왕역환승센터-MTV웨이브파크서측,4,평일,20시~21시,20,22,42,30.0,44,12.0
시흥시, 36,시흥시청후문.종합일자리센터-은계초등학교.사랑스러운교회,4,평일,14시~15시,19,24,43,30.0,51,12.0
시흥시, 530,능곡공영차고지-여의도환승센터(1번승강장),4,평일,23시~24시,49,64,113,20.0,99,12.0
시흥시, 5200,시흥우체국.센트럴병원-신도림역,4,평일,11시~12시,45,36,81,20.0,92,12.0
시흥시, 99-3,오이도역-MTV웨이브파크서측,4,평일,13시~14시,30,20,50,20.0,33,12.0
안산시, 30-2,오이도차고지-목감중심상업지구,4,평일,23시~24시,102,123,225,12.5,128,12.0
시흥시, 29,정왕역환승센터-MTV웨이브파크서측,4,평일,14시~15시,19,14,33,30.0,42,12.0
시흥시, 99-3,오이도역-MTV웨이브파크서측,4,평일,21시~22시,28,37,65,20.0,33,12.0
시흥시, 16,은계아란트리-인천대공원역,4,평일,22시~23시,30,35,65,20.0,20,12.0
시흥시, 5200,시흥우체국.센트럴병원-신도림역,4,평일,14시~15시,46,55,101,20.0,92,12.0
시흥시, 3201,삼미시장-사당역3번출구,4,평일,16시~17시,23,16,39,22.5,51,11.0
시흥시, 28,정왕역환승센터-MTV웨이브파크서측,4,평일,15시~16시,18,25,43,30.0,44,11.0
시흥시, 28,정왕역환승센터-MTV웨이브파크서측,4,평일,14시~15시,18,11,29,30.0,44,11.0
시흥시, 60,한라비발디1차-신세계프리미엄아울렛,4,평일,18시~19시,41,42,83,12.5,23,11.0
시흥시, 13,포동차고지-은행초등학교,4,평일,14시~15시,26,28,54,20.0,28,11.0
시흥시, 28,정왕역환승센터-MTV웨이브파크서측,4,평일,13시~14시,18,16,34,30.0,44,11.0
시흥시, 25,오이도차고지-정왕역환승센터,4,평일,21시~22시,11,11,22,50.0,32,11.0
안산시, 5609,그랑시티자이214동앞-여의도환승센터(2번승강장),4,평일,10시~11시,35,42,77,27.5,108,11.0
안산시, 301,본오아파트앞-여의도환승센터(1번승강장),4,평일,10시~11시,68,77,145,15.0,121,11.0
안산시, 5609,그랑시티자이214동앞-여의도환승센터(2번승강장),4,평일,09시~10시,34,66,100,27.5,108,11.0
광명시, 39,매화초등학교-개봉역,4,평일,23시~24시,25,44,69,20.5,45,11.0
시흥시, 36,시흥시청후문.종합일자리센터-은계초등학교.사랑스러운교회,4,평일,09시~10시,17,22,39,30.0,51,11.0
시흥시, 36,시흥시청후문.종합일자리센터-은계초등학교.사랑스러운교회,4,평일,16시~17시,18,19,37,30.0,51,11.0
부천시, G8808,송내역남부(광역버스)-KTX광명역5번출구,4,평일,06시~07시,17,9,26,30.0,31,11.0
시흥시, 5200,시흥우체국.센트럴병원-신도림역,4,평일,15시~16시,42,47,89,20.0,92,11.0
시흥시, 3500,오이도차고지-서울대입구역,4,평일,10시~11시,25,50,75,20.0,52,10.0
안산시, 5,경원여객-안산역,4,평일,06시~07시,23,16,39,20.0,34,10.0
안산시, 99,오이도차고지-삼천리마을앞,4,평일,23시~24시,40,38,78,17.5,85,10.0
시흥시, 36,시흥시청후문.종합일자리센터-은계초등학교.사랑스러운교회,4,평일,21시~22시,16,16,32,30.0,51,10.0
안산시, 30,오이도차고지-광덕중학교,4,평일,23시~24시,36,37,73,22.5,99,10.0
시흥시, 3301,능곡공영차고지-사당역(중),4,평일,12시~13시,22,26,48,22.5,52,10.0
시흥시, 31,포동차고지-부천소방서.부천대학사거리,4,평일,23시~24시,38,57,95,12.5,44,10.0
시흥시, 97,푸르지오6차후문-능곡어울림센터.능곡중,4,평일,05시~06시,23,21,44,20.0,53,10.0
시흥시, 25,오이도차고지-정왕역환승센터,4,평일,10시~11시,10,16,26,50.0,32,10.0
안산시, 35,경원여객안양차고지-중앙역앞,4,평일,23시~24시,4,14,18,180.0,92,10.0
안산시, 5609,그랑시티자이214동앞-여의도환승센터(2번승강장),4,평일,05시~06시,32,1,33,27.5,108,10.0
시흥시, 26,시흥우체국.센트럴병원-신천동,4,평일,11시~12시,22,28,50,35.0,96,10.0
시흥시, 60,한라비발디1차-신세계프리미엄아울렛,4,평일,20시~21시,40,38,78,12.5,23,10.0
시흥시, 7,시흥푸르지오6차-정왕역환승센터,4,평일,19시~20시,28,22,50,17.5,4,10.0
시흥시, 13,포동차고지-은행초등학교,4,평일,12시~13시,24,18,42,20.0,28,10.0
안산시, 301,본오아파트앞-여의도환승센터(1번승강장),4,평일,21시~22시,66,64,130,15.0,121,10.0
시흥시, 60,한라비발디1차-신세계프리미엄아울렛,4,평일,15시~16시,40,40,80,12.5,23,10.0
시흥시, 3300,능곡공영차고지-강남역.역삼세무서,4,평일,00시~01시,32,47,79,22.5,92,10.0
시흥시, 15,시흥대야역-신천동,4,평일,20시~21시,24,22,46,20.0,19,10.0
안산시, 301,본오아파트앞-여의도환승센터(1번승강장),4,평일,22시~23시,62,59,121,15.0,121,10.0
시흥시, 60,한라비발디1차-신세계프리미엄아울렛,4,평일,19시~20시,38,38,76,12.5,23,10.0
부천시, G8808,송내역남부(광역버스)-KTX광명역5번출구,4,평일,16시~17시,14,3,17,30.0,31,9.0
부천시, G8808,송내역남부(광역버스)-KTX광명역5번출구,4,평일,12시~13시,15,10,25,30.0,31,9.0
부천시, G8808,송내역남부(광역버스)-KTX광명역5번출구,4,평일,20시~21시,14,17,31,30.0,31,9.0
시흥시, 13,포동차고지-은행초등학교,4,평일,06시~07시,22,20,42,20.0,28,9.0
부천시, G8808,송내역남부(광역버스)-KTX광명역5번출구,4,평일,08시~09시,14,19,33,30.0,31,9.0
시흥시, 21,오이도차고지-태영아파트,4,평일,23시~24시,32,33,65,25.0,107,9.0
시흥시, 13,포동차고지-은행초등학교,4,평일,11시~12시,22,23,45,20.0,28,9.0
시흥시, 15,시흥대야역-신천동,4,평일,15시~16시,22,20,42,20.0,19,9.0
안산시, 99,오이도차고지-삼천리마을앞,4,평일,22시~23시,36,57,93,17.5,85,9.0
시흥시, 3201,삼미시장-사당역3번출구,4,평일,11시~12시,19,23,42,22.5,51,9.0
안산시, 301,본오아파트앞-여의도환승센터(1번승강장),4,평일,12시~13시,58,61,119,15.0,121,9.0
시흥시, 29,정왕역환승센터-MTV웨이브파크서측,4,평일,13시~14시,14,18,32,30.0,42,9.0
시흥시, 3301,능곡공영차고지-사당역(중),4,평일,10시~11시,20,23,43,22.5,52,9.0
시흥시, 3201,삼미시장-사당역3번출구,4,평일,15시~16시,20,16,36,22.5,51,9.0
시흥시, 3301,능곡공영차고지-사당역(중),4,평일,15시~16시,19,18,37,22.5,52,9.0
안산시, 61,화진금속공업-부천터미널소풍,4,평일,23시~24시,84,97,181,10.0,120,9.0
시흥시, 36,시흥시청후문.종합일자리센터-은계초등학교.사랑스러운교회,4,평일,06시~07시,15,8,23,30.0,51,9.0
안산시, 5609,그랑시티자이214동앞-여의도환승센터(2번승강장),4,평일,12시~13시,27,24,51,27.5,108,9.0
시흥시, 12,삼미시장-김포공항국내선(9번홈),4,평일,04시~05시,32,1,33,15.0,67,9.0
안산시, 5,경원여객-안산역,4,평일,16시~17시,21,17,38,20.0,34,9.0
시흥시, 29,정왕역환승센터-MTV웨이브파크서측,4,평일,12시~13시,15,14,29,30.0,42,9.0
안산시, 50,안산해솔초등학교-KTX광명역1번출구,4,평일,00시~01시,8,10,18,60.0,65,9.0
안산시, 50,안산해솔초등학교-KTX광명역1번출구,4,평일,23시~24시,8,14,22,60.0,65,9.0
안산시, 50,안산해솔초등학교-KTX광명역1번출구,4,평일,05시~06시,8,1,9,60.0,65,9.0
시흥시, 3301,능곡공영차고지-사당역(중),4,평일,05시~06시,19,11,30,22.5,52,9.0
안산시, 5,경원여객-안산역,4,평일,08시~09시,20,21,41,20.0,34,8.0
안산시, 38,부천역차고지-에이스아파트,4,평일,23시~24시,35,72,107,11.5,39,8.0
안산시, 350,경원여객안양차고지-함상전망대,4,평일,23시~24시,29,30,59,25.0,119,8.0
시흥시, 3201,삼미시장-사당역3번출구,4,평일,10시~11시,18,25,43,22.5,51,8.0
안산시, 320,경원여객-여의도환승센터(1번승강장),4,평일,00시~01시,51,69,120,15.0,121,8.0
안산시, 99,오이도차고지-삼천리마을앞,4,평일,05시~06시,32,21,53,17.5,85,8.0
시흥시, 3301,능곡공영차고지-사당역(중),4,평일,14시~15시,17,27,44,22.5,52,8.0
안산시, 31-7,한라2차아파트입구-부천역차고지,4,평일,04시~05시,43,8,51,15.0,96,8.0
시흥시, 31-9,포동차고지-부천소방서.부천대학사거리,4,평일,05시~06시,15,13,28,25.0,45,8.0
안산시, 301,본오아파트앞-여의도환승센터(1번승강장),4,평일,11시~12시,53,55,108,15.0,121,8.0
시흥시, 20-1,정왕역환승센터-부곡중학교,4,평일,23시~24시,32,37,69,15.0,78,8.0
시흥시, 36,시흥시청후문.종합일자리센터-은계초등학교.사랑스러운교회,4,평일,19시~20시,13,13,26,30.0,51,8.0
시흥시, 15,시흥대야역-신천동,4,평일,16시~17시,20,21,41,20.0,19,8.0
시흥시, 13,포동차고지-은행초등학교,4,평일,22시~23시,20,12,32,20.0,28,8.0
시흥시, 7,시흥푸르지오6차-정왕역환승센터,4,평일,08시~09시,23,20,43,17.5,4,8.0
시흥시, 7,시흥푸르지오6차-정왕역환승센터,4,평일,06시~07시,21,20,41,17.5,4,8.0
시흥시, 60,한라비발디1차-신세계프리미엄아울렛,4,평일,21시~22시,31,30,61,12.5,23,8.0
시흥시, 60,한라비발디1차-신세계프리미엄아울렛,4,평일,16시~17시,31,23,54,12.5,23,8.0
안산시, 98,오이도차고지-수변공원휴게소,4,평일,23시~24시,23,31,54,27.5,104,8.0
시흥시, 5604,목감호수품애.중흥S클래스-석수역(중),4,평일,05시~06시,34,1,35,11.0,27,8.0
안산시, 5609,그랑시티자이214동앞-여의도환승센터(2번승강장),4,평일,11시~12시,24,26,50,27.5,108,8.0
안산시, 5609,그랑시티자이214동앞-여의도환승센터(2번승강장),4,평일,15시~16시,25,17,42,27.5,108,8.0
시흥시, 31-3,능곡공영차고지-부천소방서.부천대학사거리,4,평일,23시~24시,31,57,88,12.5,57,8.0
안산시, 5609,그랑시티자이214동앞-여의도환승센터(2번승강장),4,평일,23시~24시,26,43,69,27.5,108,8.0
시흥시, 26-1,능곡공영차고지-한국산업기술대.시흥터미널,4,평일,11시~12시,19,19,38,20.0,51,8.0
시흥시, 28,정왕역환승센터-MTV웨이브파크서측,4,평일,11시~12시,13,14,27,30.0,44,8.0
시흥시, 28,정왕역환승센터-MTV웨이브파크서측,4,평일,05시~06시,13,4,17,30.0,44,8.0
안산시, 55,본오동종점-오이도차고지,4,평일,23시~24시,57,93,150,9.0,93,7.000000000000001
안산시, 320,경원여객-여의도환승센터(1번승강장),4,평일,04시~05시,45,9,54,15.0,121,7.000000000000001
시흥시, 36,시흥시청후문.종합일자리센터-은계초등학교.사랑스러운교회,4,평일,20시~21시,12,11,23,30.0,51,7.000000000000001
안산시, 301,본오아파트앞-여의도환승센터(1번승강장),4,평일,14시~15시,47,51,98,15.0,121,7.000000000000001
부천시, G8808,송내역남부(광역버스)-KTX광명역5번출구,4,평일,13시~14시,11,5,16,30.0,31,7.000000000000001
시흥시, 3500,오이도차고지-서울대입구역,4,평일,05시~06시,18,0,18,20.0,52,7.000000000000001
안산시, 5,경원여객-안산역,4,평일,05시~06시,17,17,34,20.0,34,7.000000000000001
시흥시, 3201,삼미시장-사당역3번출구,4,평일,14시~15시,15,11,26,22.5,51,7.000000000000001
안산시, 301,본오아파트앞-여의도환승센터(1번승강장),4,평일,23시~24시,42,64,106,15.0,121,7.000000000000001
시흥시, 16,은계아란트리-인천대공원역,4,평일,05시~06시,17,0,17,20.0,20,7.000000000000001
시흥시, 3500,오이도차고지-서울대입구역,4,평일,23시~24시,18,60,78,20.0,52,7.000000000000001
시흥시, 97,푸르지오6차후문-능곡어울림센터.능곡중,4,평일,23시~24시,17,19,36,20.0,53,7.000000000000001
시흥시, 5604,목감호수품애.중흥S클래스-석수역(중),4,평일,23시~24시,32,68,100,11.0,27,7.000000000000001
시흥시, 26,시흥우체국.센트럴병원-신천동,4,평일,22시~23시,16,14,30,35.0,96,7.000000000000001
안산시, 5,경원여객-안산역,4,평일,18시~19시,17,9,26,20.0,34,7.000000000000001
시흥시, 13,포동차고지-은행초등학교,4,평일,21시~22시,17,19,36,20.0,28,7.000000000000001
시흥시, 530,능곡공영차고지-여의도환승센터(1번승강장),4,평일,05시~06시,29,17,46,20.0,99,7.000000000000001
시흥시, 15,시흥대야역-신천동,4,평일,09시~10시,18,20,38,20.0,19,7.000000000000001
안산시, 301,본오아파트앞-여의도환승센터(1번승강장),4,평일,05시~06시,39,24,63,15.0,121,6.0
안산시, 5609,그랑시티자이214동앞-여의도환승센터(2번승강장),4,평일,14시~15시,18,30,48,27.5,108,6.0
시흥시, 12,삼미시장-김포공항국내선(9번홈),4,평일,00시~01시,22,27,49,15.0,67,6.0
시흥시, 60,한라비발디1차-신세계프리미엄아울렛,4,평일,09시~10시,23,29,52,12.5,23,6.0
안산시, 301,본오아파트앞-여의도환승센터(1번승강장),4,평일,13시~14시,38,38,76,15.0,121,6.0
시흥시, 15,시흥대야역-신천동,4,평일,17시~18시,15,15,30,20.0,19,6.0
안산시, 20,경원여객-시흥시청후문.종합일자리센터,4,평일,21시~22시,4,8,12,70.0,40,6.0
부천시, G8808,송내역남부(광역버스)-KTX광명역5번출구,4,평일,14시~15시,10,14,24,30.0,31,6.0
안산시, 20,경원여객-시흥시청후문.종합일자리센터,4,평일,05시~06시,4,3,7,70.0,40,6.0
부천시, G8808,송내역남부(광역버스)-KTX광명역5번출구,4,평일,21시~22시,9,10,19,30.0,31,6.0
시흥시, 28,정왕역환승센터-MTV웨이브파크서측,4,평일,21시~22시,9,8,17,30.0,44,6.0
시흥시, 36,시흥시청후문.종합일자리센터-은계초등학교.사랑스러운교회,4,평일,22시~23시,10,12,22,30.0,51,6.0
시흥시, 16,은계아란트리-인천대공원역,4,평일,11시~12시,14,18,32,20.0,20,6.0
시흥시, 28,정왕역환승센터-MTV웨이브파크서측,4,평일,10시~11시,10,15,25,30.0,44,6.0
시흥시, 26-1,능곡공영차고지-한국산업기술대.시흥터미널,4,평일,05시~06시,14,7,21,20.0,51,6.0
시흥시, 28,정왕역환승센터-MTV웨이브파크서측,4,평일,12시~13시,10,8,18,30.0,44,6.0
시흥시, 3200,포동차고지-강남역.역삼세무서,4,평일,05시~06시,17,0,17,22.5,84,6.0
시흥시, 3201,삼미시장-사당역3번출구,4,평일,23시~24시,12,30,42,22.5,51,6.0
시흥시, 15,시흥대야역-신천동,4,평일,06시~07시,11,8,19,20.0,19,5.0
시흥시, 3400,한국산업기술대.시흥터미널-강남역.역삼세무서,4,평일,00시~01시,17,43,60,22.5,88,5.0
시흥시, 5602,이마트-구로디지털단지역환승센터(1번승강장),4,평일,00시~01시,34,45,79,11.5,92,5.0
시흥시, 3201,삼미시장-사당역3번출구,4,평일,05시~06시,10,0,10,22.5,51,5.0
시흥시, 29,정왕역환승센터-MTV웨이브파크서측,4,평일,05시~06시,8,1,9,30.0,42,5.0
시흥시, 7,시흥푸르지오6차-정왕역환승센터,4,평일,09시~10시,15,16,31,17.5,4,5.0
시흥시, 15,시흥대야역-신천동,4,평일,14시~15시,13,12,25,20.0,19,5.0
시흥시, 99-3,오이도역-MTV웨이브파크서측,4,평일,06시~07시,11,8,19,20.0,33,5.0
부천시, G8808,송내역남부(광역버스)-KTX광명역5번출구,4,평일,05시~06시,8,8,16,30.0,31,5.0
시흥시, 7,시흥푸르지오6차-정왕역환승센터,4,평일,21시~22시,14,14,28,17.5,4,5.0
광명시, 1(광명),거모동-개봉역,4,평일,00시~01시,50,101,151,8.5,108,5.0
시흥시, 26-1,능곡공영차고지-한국산업기술대.시흥터미널,4,평일,23시~24시,11,12,23,20.0,51,5.0
시흥시, 70,배곧누리초.중흥S클래스-시흥푸르지오6차,4,평일,23시~24시,9,9,18,25.0,38,5.0
시흥시, 3201,삼미시장-사당역3번출구,4,평일,12시~13시,11,15,26,22.5,51,5.0
시흥시, 15,시흥대야역-신천동,4,평일,21시~22시,13,15,28,20.0,19,5.0
시흥시, 60,한라비발디1차-신세계프리미엄아울렛,4,평일,12시~13시,20,15,35,12.5,23,5.0
시흥시, 60,한라비발디1차-신세계프리미엄아울렛,4,평일,07시~08시,19,18,37,12.5,23,5.0
시흥시, 60,한라비발디1차-신세계프리미엄아울렛,4,평일,17시~18시,20,23,43,12.5,23,5.0
시흥시, 25,오이도차고지-정왕역환승센터,4,평일,05시~06시,5,5,10,50.0,32,5.0
안산시, 5,경원여객-안산역,4,평일,22시~23시,11,12,23,20.0,34,5.0
시흥시, 60,한라비발디1차-신세계프리미엄아울렛,4,평일,14시~15시,21,15,36,12.5,23,5.0
시흥시, 60,한라비발디1차-신세계프리미엄아울렛,4,평일,13시~14시,20,26,46,12.5,23,5.0
안산시, 5609,그랑시티자이214동앞-여의도환승센터(2번승강장),4,평일,00시~01시,16,18,34,27.5,108,5.0
시흥시, 530,능곡공영차고지-여의도환승센터(1번승강장),4,평일,00시~01시,20,24,44,20.0,99,5.0
시흥시, 26,시흥우체국.센트럴병원-신천동,4,평일,05시~06시,10,1,11,35.0,96,5.0
시흥시, 31,포동차고지-부천소방서.부천대학사거리,4,평일,05시~06시,14,6,20,12.5,44,4.0
시흥시, 7,시흥푸르지오6차-정왕역환승센터,4,평일,13시~14시,10,8,18,17.5,4,4.0
시흥시, 36,시흥시청후문.종합일자리센터-은계초등학교.사랑스러운교회,4,평일,10시~11시,7,7,14,30.0,51,4.0
시흥시, 7,시흥푸르지오6차-정왕역환승센터,4,평일,18시~19시,11,10,21,17.5,4,4.0
시흥시, 36,시흥시청후문.종합일자리센터-은계초등학교.사랑스러운교회,4,평일,11시~12시,7,7,14,30.0,51,4.0
시흥시, 3201,삼미시장-사당역3번출구,4,평일,00시~01시,8,9,17,22.5,51,4.0
부천시, 66,부인초교-용못내공원.옥길동종점,4,평일,05시~06시,21,8,29,12.0,74,4.0
안산시, 62,본오동종점-한라비발디1차,4,평일,00시~01시,42,71,113,8.0,108,4.0
시흥시, 31-9,포동차고지-부천소방서.부천대학사거리,4,평일,00시~01시,8,11,19,25.0,45,4.0
안양시, 81,목감호수품애.중흥S클래스-안양역,4,평일,23시~24시,14,46,60,13.0,39,4.0
시흥시, 5200,시흥우체국.센트럴병원-신도림역,4,평일,00시~01시,13,30,43,20.0,92,4.0
부천시, G8808,송내역남부(광역버스)-KTX광명역5번출구,4,평일,15시~16시,7,6,13,30.0,31,4.0
안산시, 350,경원여객안양차고지-함상전망대,4,평일,04시~05시,15,2,17,25.0,119,4.0
시흥시, 15,시흥대야역-신천동,4,평일,22시~23시,10,10,20,20.0,19,4.0
시흥시, 60,한라비발디1차-신세계프리미엄아울렛,4,평일,22시~23시,17,19,36,12.5,23,4.0
시흥시, 63,오이도차고지-은계초등학교.사랑스러운교회,4,평일,00시~01시,17,34,51,15.0,78,4.0
부천시, G8808,송내역남부(광역버스)-KTX광명역5번출구,4,평일,10시~11시,7,14,21,30.0,31,4.0
시흥시, 3400,한국산업기술대.시흥터미널-강남역.역삼세무서,4,평일,05시~06시,12,0,12,22.5,88,4.0
안산시, 5,경원여객-안산역,4,평일,07시~08시,8,14,22,20.0,34,3.0
안산시, 55,본오동종점-오이도차고지,4,평일,04시~05시,24,3,27,9.0,93,3.0
시흥시, 5602,이마트-구로디지털단지역환승센터(1번승강장),4,평일,05시~06시,20,4,24,11.5,92,3.0
시흥시, 60,한라비발디1차-신세계프리미엄아울렛,4,평일,23시~24시,12,12,24,12.5,23,3.0
시흥시, 13,포동차고지-은행초등학교,4,평일,05시~06시,6,4,10,20.0,28,3.0
시흥시, 26-1,능곡공영차고지-한국산업기술대.시흥터미널,4,평일,00시~01시,7,7,14,20.0,51,3.0
시흥시, 15,시흥대야역-신천동,4,평일,13시~14시,6,7,13,20.0,19,3.0
시흥시, 15,시흥대야역-신천동,4,평일,10시~11시,7,7,14,20.0,19,3.0
시흥시, 7,시흥푸르지오6차-정왕역환승센터,4,평일,15시~16시,8,10,18,17.5,4,3.0
시흥시, 7,시흥푸르지오6차-정왕역환승센터,4,평일,14시~15시,9,9,18,17.5,4,3.0
광명시, 2(광명),스타필드시티부천-안양역,4,평일,00시~01시,26,43,69,8.0,90,3.0
시흥시, 31-3,능곡공영차고지-부천소방서.부천대학사거리,4,평일,05시~06시,11,3,14,12.5,57,3.0
안산시, 31-7,한라2차아파트입구-부천역차고지,4,평일,00시~01시,14,35,49,15.0,96,3.0
안산시, 301,본오아파트앞-여의도환승센터(1번승강장),4,평일,00시~01시,18,31,49,15.0,121,3.0
부천시, G8808,송내역남부(광역버스)-KTX광명역5번출구,4,평일,11시~12시,4,3,7,30.0,31,3.0
시흥시, 36,시흥시청후문.종합일자리센터-은계초등학교.사랑스러운교회,4,평일,05시~06시,4,4,8,30.0,51,3.0
시흥시, 99-3,오이도역-MTV웨이브파크서측,4,평일,22시~23시,6,10,16,20.0,33,3.0
안산시, 30-2,오이도차고지-목감중심상업지구,4,평일,00시~01시,22,39,61,12.5,128,3.0
안산시, 301,본오아파트앞-여의도환승센터(1번승강장),4,평일,04시~05시,17,3,20,15.0,121,3.0
안산시, 34,안산운전면허시험장-월곶동주민센터.월곶포구,4,평일,23시~24시,2,3,5,70.0,54,3.0
시흥시, 3201,삼미시장-사당역3번출구,4,평일,13시~14시,7,8,15,22.5,51,3.0
시흥시, 23,월곶역-본오동차고지,4,평일,00시~01시,17,23,40,12.5,99,3.0
시흥시, 5200,시흥우체국.센트럴병원-신도림역,4,평일,05시~06시,11,3,14,20.0,92,3.0
시흥시, 99-2,배곧누리초.중흥S클래스-이마트,4,평일,05시~06시,14,10,24,11.5,25,3.0
시흥시, 3300,능곡공영차고지-강남역.역삼세무서,4,평일,05시~06시,9,0,9,22.5,92,3.0
시흥시, 32,경원여객안양차고지-풍림2단지.소래포구입구,4,평일,00시~01시,7,16,23,25.0,86,3.0
안산시, 5609,그랑시티자이214동앞-여의도환승센터(2번승강장),4,평일,01시~02시,5,9,14,27.5,108,2.0
시흥시, 60,한라비발디1차-신세계프리미엄아울렛,4,평일,06시~07시,6,3,9,12.5,23,2.0
시흥시, 70,배곧누리초.중흥S클래스-시흥푸르지오6차,4,평일,05시~06시,4,3,7,25.0,38,2.0
시흥시, 60,한라비발디1차-신세계프리미엄아울렛,4,평일,10시~11시,8,7,15,12.5,23,2.0
시흥시, 60,한라비발디1차-신세계프리미엄아울렛,4,평일,11시~12시,8,8,16,12.5,23,2.0
안산시, 5,경원여객-안산역,4,평일,20시~21시,4,4,8,20.0,34,2.0
시흥시, 31-3,능곡공영차고지-부천소방서.부천대학사거리,4,평일,00시~01시,6,6,12,12.5,57,2.0
부천시, 66,부인초교-용못내공원.옥길동종점,4,평일,00시~01시,10,22,32,12.0,74,2.0
시흥시, 63,오이도차고지-은계초등학교.사랑스러운교회,4,평일,05시~06시,9,4,13,15.0,78,2.0
안산시, 123,푸르지오6차후문-탄도,4,평일,23시~24시,6,16,22,25.0,110,2.0
안산시, 5,경원여객-안산역,4,평일,13시~14시,4,4,8,20.0,34,2.0
시흥시, 3500,오이도차고지-서울대입구역,4,평일,00시~01시,4,8,12,20.0,52,2.0
안산시, 5,경원여객-안산역,4,평일,09시~10시,4,3,7,20.0,34,2.0
안산시, 62,본오동종점-한라비발디1차,4,평일,04시~05시,17,0,17,8.0,108,2.0
시흥시, 7,시흥푸르지오6차-정왕역환승센터,4,평일,20시~21시,5,10,15,17.5,4,2.0
시흥시, 7,시흥푸르지오6차-정왕역환승센터,4,평일,17시~18시,5,5,10,17.5,4,2.0
시흥시, 15,시흥대야역-신천동,4,평일,12시~13시,5,4,9,20.0,19,2.0
시흥시, 15,시흥대야역-신천동,4,평일,11시~12시,5,4,9,20.0,19,2.0
안산시, 320,경원여객-여의도환승센터(1번승강장),4,평일,01시~02시,16,29,45,15.0,121,2.0
시흥시, 7,시흥푸르지오6차-정왕역환승센터,4,평일,11시~12시,5,5,10,17.5,4,2.0
시흥시, 7,시흥푸르지오6차-정왕역환승센터,4,평일,10시~11시,5,5,10,17.5,4,2.0
시흥시, 7,시흥푸르지오6차-정왕역환승센터,4,평일,12시~13시,2,2,4,17.5,4,1.0
시흥시, 7,시흥푸르지오6차-정왕역환승센터,4,평일,23시~24시,4,4,8,17.5,4,1.0
시흥시, 7,시흥푸르지오6차-정왕역환승센터,4,평일,22시~23시,2,2,4,17.5,4,1.0
시흥시, 5200,시흥우체국.센트럴병원-신도림역,4,평일,01시~02시,3,8,11,20.0,92,1.0
시흥시, 26,시흥우체국.센트럴병원-신천동,4,평일,23시~24시,2,5,7,35.0,96,1.0
시흥시, 36,시흥시청후문.종합일자리센터-은계초등학교.사랑스러운교회,4,평일,23시~24시,2,2,4,30.0,51,1.0
안산시, 5,경원여객-안산역,4,평일,11시~12시,2,1,3,20.0,34,1.0
안산시, 99,오이도차고지-삼천리마을앞,4,평일,00시~01시,4,8,12,17.5,85,1.0
안산시, 350,경원여객안양차고지-함상전망대,4,평일,00시~01시,4,10,14,25.0,119,1.0
시흥시, 31,포동차고지-부천소방서.부천대학사거리,4,평일,00시~01시,5,7,12,12.5,44,1.0
안산시, 61,화진금속공업-부천터미널소풍,4,평일,04시~05시,13,0,13,10.0,120,1.0
광명시, 11-3,마린월드-KTX광명역1번출구,4,평일,00시~01시,1,8,9,37.5,63,1.0
시흥시, 3200,포동차고지-강남역.역삼세무서,4,평일,00시~01시,3,24,27,22.5,84,1.0
시흥시, 13,포동차고지-은행초등학교,4,평일,23시~24시,2,12,14,20.0,28,1.0
시흥시, 7,시흥푸르지오6차-정왕역환승센터,4,평일,16시~17시,4,4,8,17.5,4,1.0
시흥시, 20-1,정왕역환승센터-부곡중학교,4,평일,00시~01시,5,6,11,15.0,78,1.0
시흥시, 29,정왕역환승센터-MTV웨이브파크서측,4,평일,22시~23시,2,6,8,30.0,42,1.0
안산시, 61,화진금속공업-부천터미널소풍,4,평일,00시~01시,10,27,37,10.0,120,1.0
시흥시, 3301,능곡공영차고지-사당역(중),4,평일,00시~01시,3,7,10,22.5,52,1.0
안산시, 5,경원여객-안산역,4,평일,10시~11시,2,3,5,20.0,34,1.0
시흥시, 12,삼미시장-김포공항국내선(9번홈),4,평일,01시~02시,1,2,3,15.0,67,0.0
광명시, 11,광명돔경륜장.광남문-안양역,4,평일,00시~01시,0,6,6,32.5,65,0.0
안산시, 30-2,오이도차고지-목감중심상업지구,4,평일,04시~05시,2,0,2,12.5,128,0.0
시흥시, 21,오이도차고지-태영아파트,4,평일,00시~01시,0,4,4,25.0,107,0.0
시흥시, 25,오이도차고지-정왕역환승센터,4,평일,22시~23시,0,1,1,50.0,32,0.0
시흥시, 28,정왕역환승센터-MTV웨이브파크서측,4,평일,22시~23시,0,3,3,30.0,44,0.0
시흥시, 3201,삼미시장-사당역3번출구,4,평일,01시~02시,0,4,4,22.5,51,0.0
시흥시, 3300,능곡공영차고지-강남역.역삼세무서,4,평일,01시~02시,0,7,7,22.5,92,0.0
시흥시, 3400,한국산업기술대.시흥터미널-강남역.역삼세무서,4,평일,01시~02시,1,8,9,22.5,88,0.0
시흥시, 3500,오이도차고지-서울대입구역,4,평일,01시~02시,0,3,3,20.0,52,0.0
시흥시, 5602,이마트-구로디지털단지역환승센터(1번승강장),4,평일,01시~02시,0,8,8,11.5,92,0.0
시흥시, 60,한라비발디1차-신세계프리미엄아울렛,4,평일,05시~06시,1,1,2,12.5,23,0.0
시흥시, 99-2,배곧누리초.중흥S클래스-이마트,4,평일,00시~01시,2,7,9,11.5,25,0.0
안산시, 30,오이도차고지-광덕중학교,4,평일,00시~01시,0,4,4,22.5,99,0.0
안산시, 301,본오아파트앞-여의도환승센터(1번승강장),4,평일,01시~02시,2,11,13,15.0,121,0.0
광명시, 1(광명),거모동-개봉역,4,평일,01시~02시,0,2,2,8.5,108,0.0
안산시, 320,경원여객-여의도환승센터(1번승강장),4,평일,02시~03시,2,11,13,15.0,121,0.0
안산시, 5,경원여객-안산역,4,평일,12시~13시,1,2,3,20.0,34,0.0
안산시, 5,경원여객-안산역,4,평일,14시~15시,1,0,1,20.0,34,0.0
안산시, 5,경원여객-안산역,4,평일,15시~16시,1,2,3,20.0,34,0.0
안산시, 5,경원여객-안산역,4,평일,17시~18시,0,4,4,20.0,34,0.0
안산시, 5,경원여객-안산역,4,평일,19시~20시,0,8,8,20.0,34,0.0
안산시, 5,경원여객-안산역,4,평일,21시~22시,1,0,1,20.0,34,0.0
안산시, 55,본오동종점-오이도차고지,4,평일,00시~01시,0,3,3,9.0,93,0.0
안산시, 98,오이도차고지-수변공원휴게소,4,평일,00시~01시,0,1,1,27.5,104,0.0
부천시, 23-2,소사공영차고지-라일락마을어린이공원,4,평일,00시~01시,2,9,11,8.5,69,0.0
부천시, G8808,송내역남부(광역버스)-KTX광명역5번출구,4,평일,22시~23시,0,3,3,30.0,31,0.0
광명시, 39,매화초등학교-개봉역,4,평일,00시~01시,1,3,4,20.5,45,0.0
